title,description,level,goal,equipment,program_length,time_per_workout,week,day,number_of_exercises,exercise_name,sets,reps,intensity,created,last_edit
Optimized PHUL (Power Hypertrophy Upper Lower),"The goal of these revisions is to make the PHUL program more beginner-friendly by slightly altering exercise selection and rearranging the lower body days to better support recovery and sustainability. With proper attention to diet and recovery, athletes of all levels should see noticeable gains in strength and hypertrophy.

Deadlifts moved to the Lower Hypertrophy Day to optimize recovery.

Exercise order has been adjusted to accommodate this change, and calf volume has been slightly reduced.

Front squats have been replaced with Hack Squats for a better quad stimulus with less overall fatigue and a more manageable movement pattern.

Ab work has been added to each lower body day, which is optional but recommended for balanced core development.

For progression, aim to add either weight or reps each week. A simple method: once you hit the upper end of the rep range for a given exercise in all sets, increase the weight the next session. For Squat and Deadlift, add 10 lbs each time until you plateau, then reduce to 5 lbs increments. For Bench Press and OHP, aim to add 5 lbs each session. For accessory lifts, increase in the smallest possible increment.","['Advanced', 'Intermediate']","['Powerlifting', 'Powerbuilding']",Full Gym,12.0,90.0,1.0,1.0,7.0,Bench Press (Barbell),3.0,8.0,9.0,2024-11-18 11:11:00,2025-06-29 06:04:00
Optimized PHUL (Power Hypertrophy Upper Lower),"The goal of these revisions is to make the PHUL program more beginner-friendly by slightly altering exercise selection and rearranging the lower body days to better support recovery and sustainability. With proper attention to diet and recovery, athletes of all levels should see noticeable gains in strength and hypertrophy.

Deadlifts moved to the Lower Hypertrophy Day to optimize recovery.

Exercise order has been adjusted to accommodate this change, and calf volume has been slightly reduced.

Front squats have been replaced with Hack Squats for a better quad stimulus with less overall fatigue and a more manageable movement pattern.

Ab work has been added to each lower body day, which is optional but recommended for balanced core development.

For progression, aim to add either weight or reps each week. A simple method: once you hit the upper end of the rep range for a given exercise in all sets, increase the weight the next session. For Squat and Deadlift, add 10 lbs each time until you plateau, then reduce to 5 lbs increments. For Bench Press and OHP, aim to add 5 lbs each session. For accessory lifts, increase in the smallest possible increment.","['Advanced', 'Intermediate']","['Powerlifting', 'Powerbuilding']",Full Gym,12.0,90.0,1.0,1.0,7.0,Incline Chest Press (Machine),3.0,5.0,8.0,2024-11-18 11:11:00,2025-06-29 06:04:00
Optimized PHUL (Power Hypertrophy Upper Lower),"The goal of these revisions is to make the PHUL program more beginner-friendly by slightly altering exercise selection and rearranging the lower body days to better support recovery and sustainability. With proper attention to diet and recovery, athletes of all levels should see noticeable gains in strength and hypertrophy.

Deadlifts moved to the Lower Hypertrophy Day to optimize recovery.

Exercise order has been adjusted to accommodate this change, and calf volume has been slightly reduced.

Front squats have been replaced with Hack Squats for a better quad stimulus with less overall fatigue and a more manageable movement pattern.

Ab work has been added to each lower body day, which is optional but recommended for balanced core development.

For progression, aim to add either weight or reps each week. A simple method: once you hit the upper end of the rep range for a given exercise in all sets, increase the weight the next session. For Squat and Deadlift, add 10 lbs each time until you plateau, then reduce to 5 lbs increments. For Bench Press and OHP, aim to add 5 lbs each session. For accessory lifts, increase in the smallest possible increment.","['Advanced', 'Intermediate']","['Powerlifting', 'Powerbuilding']",Full Gym,12.0,90.0,1.0,1.0,7.0,Bent Over Row (Barbell),3.0,8.0,8.0,2024-11-18 11:11:00,2025-06-29 06:04:00
Optimized PHUL (Power Hypertrophy Upper Lower),"The goal of these revisions is to make the PHUL program more beginner-friendly by slightly altering exercise selection and rearranging the lower body days to better support recovery and sustainability. With proper attention to diet and recovery, athletes of all levels should see noticeable gains in strength and hypertrophy.

Deadlifts moved to the Lower Hypertrophy Day to optimize recovery.

Exercise order has been adjusted to accommodate this change, and calf volume has been slightly reduced.

Front squats have been replaced with Hack Squats for a better quad stimulus with less overall fatigue and a more manageable movement pattern.

Ab work has been added to each lower body day, which is optional but recommended for balanced core development.

For progression, aim to add either weight or reps each week. A simple method: once you hit the upper end of the rep range for a given exercise in all sets, increase the weight the next session. For Squat and Deadlift, add 10 lbs each time until you plateau, then reduce to 5 lbs increments. For Bench Press and OHP, aim to add 5 lbs each session. For accessory lifts, increase in the smallest possible increment.","['Advanced', 'Intermediate']","['Powerlifting', 'Powerbuilding']",Full Gym,12.0,90.0,1.0,1.0,7.0,Lat Pulldown,3.0,8.0,8.0,2024-11-18 11:11:00,2025-06-29 06:04:00
Optimized PHUL (Power Hypertrophy Upper Lower),"The goal of these revisions is to make the PHUL program more beginner-friendly by slightly altering exercise selection and rearranging the lower body days to better support recovery and sustainability. With proper attention to diet and recovery, athletes of all levels should see noticeable gains in strength and hypertrophy.

Deadlifts moved to the Lower Hypertrophy Day to optimize recovery.

Exercise order has been adjusted to accommodate this change, and calf volume has been slightly reduced.

Front squats have been replaced with Hack Squats for a better quad stimulus with less overall fatigue and a more manageable movement pattern.

Ab work has been added to each lower body day, which is optional but recommended for balanced core development.

For progression, aim to add either weight or reps each week. A simple method: once you hit the upper end of the rep range for a given exercise in all sets, increase the weight the next session. For Squat and Deadlift, add 10 lbs each time until you plateau, then reduce to 5 lbs increments. For Bench Press and OHP, aim to add 5 lbs each session. For accessory lifts, increase in the smallest possible increment.","['Advanced', 'Intermediate']","['Powerlifting', 'Powerbuilding']",Full Gym,12.0,90.0,1.0,1.0,7.0,Overhead Press (Barbell),3.0,8.0,8.0,2024-11-18 11:11:00,2025-06-29 06:04:00
Optimized PHUL (Power Hypertrophy Upper Lower),"The goal of these revisions is to make the PHUL program more beginner-friendly by slightly altering exercise selection and rearranging the lower body days to better support recovery and sustainability. With proper attention to diet and recovery, athletes of all levels should see noticeable gains in strength and hypertrophy.

Deadlifts moved to the Lower Hypertrophy Day to optimize recovery.

Exercise order has been adjusted to accommodate this change, and calf volume has been slightly reduced.

Front squats have been replaced with Hack Squats for a better quad stimulus with less overall fatigue and a more manageable movement pattern.

Ab work has been added to each lower body day, which is optional but recommended for balanced core development.

For progression, aim to add either weight or reps each week. A simple method: once you hit the upper end of the rep range for a given exercise in all sets, increase the weight the next session. For Squat and Deadlift, add 10 lbs each time until you plateau, then reduce to 5 lbs increments. For Bench Press and OHP, aim to add 5 lbs each session. For accessory lifts, increase in the smallest possible increment.","['Advanced', 'Intermediate']","['Powerlifting', 'Powerbuilding']",Full Gym,12.0,90.0,1.0,1.0,7.0,Bicep Curl (EZ Bar),3.0,8.0,8.0,2024-11-18 11:11:00,2025-06-29 06:04:00
Optimized PHUL (Power Hypertrophy Upper Lower),"The goal of these revisions is to make the PHUL program more beginner-friendly by slightly altering exercise selection and rearranging the lower body days to better support recovery and sustainability. With proper attention to diet and recovery, athletes of all levels should see noticeable gains in strength and hypertrophy.

Deadlifts moved to the Lower Hypertrophy Day to optimize recovery.

Exercise order has been adjusted to accommodate this change, and calf volume has been slightly reduced.

Front squats have been replaced with Hack Squats for a better quad stimulus with less overall fatigue and a more manageable movement pattern.

Ab work has been added to each lower body day, which is optional but recommended for balanced core development.

For progression, aim to add either weight or reps each week. A simple method: once you hit the upper end of the rep range for a given exercise in all sets, increase the weight the next session. For Squat and Deadlift, add 10 lbs each time until you plateau, then reduce to 5 lbs increments. For Bench Press and OHP, aim to add 5 lbs each session. For accessory lifts, increase in the smallest possible increment.","['Advanced', 'Intermediate']","['Powerlifting', 'Powerbuilding']",Full Gym,12.0,90.0,1.0,1.0,7.0,Skull Crusher (Barbell),3.0,5.0,9.0,2024-11-18 11:11:00,2025-06-29 06:04:00
Optimized PHUL (Power Hypertrophy Upper Lower),"The goal of these revisions is to make the PHUL program more beginner-friendly by slightly altering exercise selection and rearranging the lower body days to better support recovery and sustainability. With proper attention to diet and recovery, athletes of all levels should see noticeable gains in strength and hypertrophy.

Deadlifts moved to the Lower Hypertrophy Day to optimize recovery.

Exercise order has been adjusted to accommodate this change, and calf volume has been slightly reduced.

Front squats have been replaced with Hack Squats for a better quad stimulus with less overall fatigue and a more manageable movement pattern.

Ab work has been added to each lower body day, which is optional but recommended for balanced core development.

For progression, aim to add either weight or reps each week. A simple method: once you hit the upper end of the rep range for a given exercise in all sets, increase the weight the next session. For Squat and Deadlift, add 10 lbs each time until you plateau, then reduce to 5 lbs increments. For Bench Press and OHP, aim to add 5 lbs each session. For accessory lifts, increase in the smallest possible increment.","['Advanced', 'Intermediate']","['Powerlifting', 'Powerbuilding']",Full Gym,12.0,90.0,1.0,2.0,6.0,Squat (Barbell),3.0,8.0,8.0,2024-11-18 11:11:00,2025-06-29 06:04:00
Optimized PHUL (Power Hypertrophy Upper Lower),"The goal of these revisions is to make the PHUL program more beginner-friendly by slightly altering exercise selection and rearranging the lower body days to better support recovery and sustainability. With proper attention to diet and recovery, athletes of all levels should see noticeable gains in strength and hypertrophy.

Deadlifts moved to the Lower Hypertrophy Day to optimize recovery.

Exercise order has been adjusted to accommodate this change, and calf volume has been slightly reduced.

Front squats have been replaced with Hack Squats for a better quad stimulus with less overall fatigue and a more manageable movement pattern.

Ab work has been added to each lower body day, which is optional but recommended for balanced core development.

For progression, aim to add either weight or reps each week. A simple method: once you hit the upper end of the rep range for a given exercise in all sets, increase the weight the next session. For Squat and Deadlift, add 10 lbs each time until you plateau, then reduce to 5 lbs increments. For Bench Press and OHP, aim to add 5 lbs each session. For accessory lifts, increase in the smallest possible increment.","['Advanced', 'Intermediate']","['Powerlifting', 'Powerbuilding']",Full Gym,12.0,90.0,1.0,2.0,6.0,Leg Press,3.0,8.0,8.0,2024-11-18 11:11:00,2025-06-29 06:04:00
Optimized PHUL (Power Hypertrophy Upper Lower),"The goal of these revisions is to make the PHUL program more beginner-friendly by slightly altering exercise selection and rearranging the lower body days to better support recovery and sustainability. With proper attention to diet and recovery, athletes of all levels should see noticeable gains in strength and hypertrophy.

Deadlifts moved to the Lower Hypertrophy Day to optimize recovery.

Exercise order has been adjusted to accommodate this change, and calf volume has been slightly reduced.

Front squats have been replaced with Hack Squats for a better quad stimulus with less overall fatigue and a more manageable movement pattern.

Ab work has been added to each lower body day, which is optional but recommended for balanced core development.

For progression, aim to add either weight or reps each week. A simple method: once you hit the upper end of the rep range for a given exercise in all sets, increase the weight the next session. For Squat and Deadlift, add 10 lbs each time until you plateau, then reduce to 5 lbs increments. For Bench Press and OHP, aim to add 5 lbs each session. For accessory lifts, increase in the smallest possible increment.","['Advanced', 'Intermediate']","['Powerlifting', 'Powerbuilding']",Full Gym,12.0,90.0,1.0,2.0,6.0,Seated Hamstring Curl,3.0,8.0,9.0,2024-11-18 11:11:00,2025-06-29 06:04:00
Optimized PHUL (Power Hypertrophy Upper Lower),"The goal of these revisions is to make the PHUL program more beginner-friendly by slightly altering exercise selection and rearranging the lower body days to better support recovery and sustainability. With proper attention to diet and recovery, athletes of all levels should see noticeable gains in strength and hypertrophy.

Deadlifts moved to the Lower Hypertrophy Day to optimize recovery.

Exercise order has been adjusted to accommodate this change, and calf volume has been slightly reduced.

Front squats have been replaced with Hack Squats for a better quad stimulus with less overall fatigue and a more manageable movement pattern.

Ab work has been added to each lower body day, which is optional but recommended for balanced core development.

For progression, aim to add either weight or reps each week. A simple method: once you hit the upper end of the rep range for a given exercise in all sets, increase the weight the next session. For Squat and Deadlift, add 10 lbs each time until you plateau, then reduce to 5 lbs increments. For Bench Press and OHP, aim to add 5 lbs each session. For accessory lifts, increase in the smallest possible increment.","['Advanced', 'Intermediate']","['Powerlifting', 'Powerbuilding']",Full Gym,12.0,90.0,1.0,2.0,6.0,Leg Extension,3.0,8.0,8.0,2024-11-18 11:11:00,2025-06-29 06:04:00
Optimized PHUL (Power Hypertrophy Upper Lower),"The goal of these revisions is to make the PHUL program more beginner-friendly by slightly altering exercise selection and rearranging the lower body days to better support recovery and sustainability. With proper attention to diet and recovery, athletes of all levels should see noticeable gains in strength and hypertrophy.

Deadlifts moved to the Lower Hypertrophy Day to optimize recovery.

Exercise order has been adjusted to accommodate this change, and calf volume has been slightly reduced.

Front squats have been replaced with Hack Squats for a better quad stimulus with less overall fatigue and a more manageable movement pattern.

Ab work has been added to each lower body day, which is optional but recommended for balanced core development.

For progression, aim to add either weight or reps each week. A simple method: once you hit the upper end of the rep range for a given exercise in all sets, increase the weight the next session. For Squat and Deadlift, add 10 lbs each time until you plateau, then reduce to 5 lbs increments. For Bench Press and OHP, aim to add 5 lbs each session. For accessory lifts, increase in the smallest possible increment.","['Advanced', 'Intermediate']","['Powerlifting', 'Powerbuilding']",Full Gym,12.0,90.0,1.0,2.0,6.0,Seated Calf Raise,4.0,5.0,8.0,2024-11-18 11:11:00,2025-06-29 06:04:00
Optimized PHUL (Power Hypertrophy Upper Lower),"The goal of these revisions is to make the PHUL program more beginner-friendly by slightly altering exercise selection and rearranging the lower body days to better support recovery and sustainability. With proper attention to diet and recovery, athletes of all levels should see noticeable gains in strength and hypertrophy.

Deadlifts moved to the Lower Hypertrophy Day to optimize recovery.

Exercise order has been adjusted to accommodate this change, and calf volume has been slightly reduced.

Front squats have been replaced with Hack Squats for a better quad stimulus with less overall fatigue and a more manageable movement pattern.

Ab work has been added to each lower body day, which is optional but recommended for balanced core development.

For progression, aim to add either weight or reps each week. A simple method: once you hit the upper end of the rep range for a given exercise in all sets, increase the weight the next session. For Squat and Deadlift, add 10 lbs each time until you plateau, then reduce to 5 lbs increments. For Bench Press and OHP, aim to add 5 lbs each session. For accessory lifts, increase in the smallest possible increment.","['Advanced', 'Intermediate']","['Powerlifting', 'Powerbuilding']",Full Gym,12.0,90.0,1.0,2.0,6.0,Abs Crunch (Machine),4.0,8.0,8.0,2024-11-18 11:11:00,2025-06-29 06:04:00
Optimized PHUL (Power Hypertrophy Upper Lower),"The goal of these revisions is to make the PHUL program more beginner-friendly by slightly altering exercise selection and rearranging the lower body days to better support recovery and sustainability. With proper attention to diet and recovery, athletes of all levels should see noticeable gains in strength and hypertrophy.

Deadlifts moved to the Lower Hypertrophy Day to optimize recovery.

Exercise order has been adjusted to accommodate this change, and calf volume has been slightly reduced.

Front squats have been replaced with Hack Squats for a better quad stimulus with less overall fatigue and a more manageable movement pattern.

Ab work has been added to each lower body day, which is optional but recommended for balanced core development.

For progression, aim to add either weight or reps each week. A simple method: once you hit the upper end of the rep range for a given exercise in all sets, increase the weight the next session. For Squat and Deadlift, add 10 lbs each time until you plateau, then reduce to 5 lbs increments. For Bench Press and OHP, aim to add 5 lbs each session. For accessory lifts, increase in the smallest possible increment.","['Advanced', 'Intermediate']","['Powerlifting', 'Powerbuilding']",Full Gym,12.0,90.0,1.0,3.0,7.0,Incline Bench Press (Barbell),3.0,8.0,8.0,2024-11-18 11:11:00,2025-06-29 06:04:00
Optimized PHUL (Power Hypertrophy Upper Lower),"The goal of these revisions is to make the PHUL program more beginner-friendly by slightly altering exercise selection and rearranging the lower body days to better support recovery and sustainability. With proper attention to diet and recovery, athletes of all levels should see noticeable gains in strength and hypertrophy.

Deadlifts moved to the Lower Hypertrophy Day to optimize recovery.

Exercise order has been adjusted to accommodate this change, and calf volume has been slightly reduced.

Front squats have been replaced with Hack Squats for a better quad stimulus with less overall fatigue and a more manageable movement pattern.

Ab work has been added to each lower body day, which is optional but recommended for balanced core development.

For progression, aim to add either weight or reps each week. A simple method: once you hit the upper end of the rep range for a given exercise in all sets, increase the weight the next session. For Squat and Deadlift, add 10 lbs each time until you plateau, then reduce to 5 lbs increments. For Bench Press and OHP, aim to add 5 lbs each session. For accessory lifts, increase in the smallest possible increment.","['Advanced', 'Intermediate']","['Powerlifting', 'Powerbuilding']",Full Gym,12.0,90.0,1.0,3.0,7.0,Chest Fly (Machine),3.0,10.0,8.0,2024-11-18 11:11:00,2025-06-29 06:04:00
Optimized PHUL (Power Hypertrophy Upper Lower),"The goal of these revisions is to make the PHUL program more beginner-friendly by slightly altering exercise selection and rearranging the lower body days to better support recovery and sustainability. With proper attention to diet and recovery, athletes of all levels should see noticeable gains in strength and hypertrophy.

Deadlifts moved to the Lower Hypertrophy Day to optimize recovery.

Exercise order has been adjusted to accommodate this change, and calf volume has been slightly reduced.

Front squats have been replaced with Hack Squats for a better quad stimulus with less overall fatigue and a more manageable movement pattern.

Ab work has been added to each lower body day, which is optional but recommended for balanced core development.

For progression, aim to add either weight or reps each week. A simple method: once you hit the upper end of the rep range for a given exercise in all sets, increase the weight the next session. For Squat and Deadlift, add 10 lbs each time until you plateau, then reduce to 5 lbs increments. For Bench Press and OHP, aim to add 5 lbs each session. For accessory lifts, increase in the smallest possible increment.","['Advanced', 'Intermediate']","['Powerlifting', 'Powerbuilding']",Full Gym,12.0,90.0,1.0,3.0,7.0,Seated Row (Cable),3.0,7.0,8.0,2024-11-18 11:11:00,2025-06-29 06:04:00
Optimized PHUL (Power Hypertrophy Upper Lower),"The goal of these revisions is to make the PHUL program more beginner-friendly by slightly altering exercise selection and rearranging the lower body days to better support recovery and sustainability. With proper attention to diet and recovery, athletes of all levels should see noticeable gains in strength and hypertrophy.

Deadlifts moved to the Lower Hypertrophy Day to optimize recovery.

Exercise order has been adjusted to accommodate this change, and calf volume has been slightly reduced.

Front squats have been replaced with Hack Squats for a better quad stimulus with less overall fatigue and a more manageable movement pattern.

Ab work has been added to each lower body day, which is optional but recommended for balanced core development.

For progression, aim to add either weight or reps each week. A simple method: once you hit the upper end of the rep range for a given exercise in all sets, increase the weight the next session. For Squat and Deadlift, add 10 lbs each time until you plateau, then reduce to 5 lbs increments. For Bench Press and OHP, aim to add 5 lbs each session. For accessory lifts, increase in the smallest possible increment.","['Advanced', 'Intermediate']","['Powerlifting', 'Powerbuilding']",Full Gym,12.0,90.0,1.0,3.0,7.0,Single Arm Row (Dumbbell),3.0,6.0,8.0,2024-11-18 11:11:00,2025-06-29 06:04:00
Optimized PHUL (Power Hypertrophy Upper Lower),"The goal of these revisions is to make the PHUL program more beginner-friendly by slightly altering exercise selection and rearranging the lower body days to better support recovery and sustainability. With proper attention to diet and recovery, athletes of all levels should see noticeable gains in strength and hypertrophy.

Deadlifts moved to the Lower Hypertrophy Day to optimize recovery.

Exercise order has been adjusted to accommodate this change, and calf volume has been slightly reduced.

Front squats have been replaced with Hack Squats for a better quad stimulus with less overall fatigue and a more manageable movement pattern.

Ab work has been added to each lower body day, which is optional but recommended for balanced core development.

For progression, aim to add either weight or reps each week. A simple method: once you hit the upper end of the rep range for a given exercise in all sets, increase the weight the next session. For Squat and Deadlift, add 10 lbs each time until you plateau, then reduce to 5 lbs increments. For Bench Press and OHP, aim to add 5 lbs each session. For accessory lifts, increase in the smallest possible increment.","['Advanced', 'Intermediate']","['Powerlifting', 'Powerbuilding']",Full Gym,12.0,90.0,1.0,3.0,7.0,Lateral Raise (Dumbbell),3.0,8.0,8.0,2024-11-18 11:11:00,2025-06-29 06:04:00
Optimized PHUL (Power Hypertrophy Upper Lower),"The goal of these revisions is to make the PHUL program more beginner-friendly by slightly altering exercise selection and rearranging the lower body days to better support recovery and sustainability. With proper attention to diet and recovery, athletes of all levels should see noticeable gains in strength and hypertrophy.

Deadlifts moved to the Lower Hypertrophy Day to optimize recovery.

Exercise order has been adjusted to accommodate this change, and calf volume has been slightly reduced.

Front squats have been replaced with Hack Squats for a better quad stimulus with less overall fatigue and a more manageable movement pattern.

Ab work has been added to each lower body day, which is optional but recommended for balanced core development.

For progression, aim to add either weight or reps each week. A simple method: once you hit the upper end of the rep range for a given exercise in all sets, increase the weight the next session. For Squat and Deadlift, add 10 lbs each time until you plateau, then reduce to 5 lbs increments. For Bench Press and OHP, aim to add 5 lbs each session. For accessory lifts, increase in the smallest possible increment.","['Advanced', 'Intermediate']","['Powerlifting', 'Powerbuilding']",Full Gym,12.0,90.0,1.0,3.0,7.0,Incline Curl (Dumbbell),3.0,8.0,8.0,2024-11-18 11:11:00,2025-06-29 06:04:00
Optimized PHUL (Power Hypertrophy Upper Lower),"The goal of these revisions is to make the PHUL program more beginner-friendly by slightly altering exercise selection and rearranging the lower body days to better support recovery and sustainability. With proper attention to diet and recovery, athletes of all levels should see noticeable gains in strength and hypertrophy.

Deadlifts moved to the Lower Hypertrophy Day to optimize recovery.

Exercise order has been adjusted to accommodate this change, and calf volume has been slightly reduced.

Front squats have been replaced with Hack Squats for a better quad stimulus with less overall fatigue and a more manageable movement pattern.

Ab work has been added to each lower body day, which is optional but recommended for balanced core development.

For progression, aim to add either weight or reps each week. A simple method: once you hit the upper end of the rep range for a given exercise in all sets, increase the weight the next session. For Squat and Deadlift, add 10 lbs each time until you plateau, then reduce to 5 lbs increments. For Bench Press and OHP, aim to add 5 lbs each session. For accessory lifts, increase in the smallest possible increment.","['Advanced', 'Intermediate']","['Powerlifting', 'Powerbuilding']",Full Gym,12.0,90.0,1.0,3.0,7.0,Tricep Extension (Cable),3.0,8.0,8.0,2024-11-18 11:11:00,2025-06-29 06:04:00
Optimized PHUL (Power Hypertrophy Upper Lower),"The goal of these revisions is to make the PHUL program more beginner-friendly by slightly altering exercise selection and rearranging the lower body days to better support recovery and sustainability. With proper attention to diet and recovery, athletes of all levels should see noticeable gains in strength and hypertrophy.

Deadlifts moved to the Lower Hypertrophy Day to optimize recovery.

Exercise order has been adjusted to accommodate this change, and calf volume has been slightly reduced.

Front squats have been replaced with Hack Squats for a better quad stimulus with less overall fatigue and a more manageable movement pattern.

Ab work has been added to each lower body day, which is optional but recommended for balanced core development.

For progression, aim to add either weight or reps each week. A simple method: once you hit the upper end of the rep range for a given exercise in all sets, increase the weight the next session. For Squat and Deadlift, add 10 lbs each time until you plateau, then reduce to 5 lbs increments. For Bench Press and OHP, aim to add 5 lbs each session. For accessory lifts, increase in the smallest possible increment.","['Advanced', 'Intermediate']","['Powerlifting', 'Powerbuilding']",Full Gym,12.0,90.0,1.0,4.0,6.0,Deadlift (Barbell),3.0,8.0,10.0,2024-11-18 11:11:00,2025-06-29 06:04:00
Optimized PHUL (Power Hypertrophy Upper Lower),"The goal of these revisions is to make the PHUL program more beginner-friendly by slightly altering exercise selection and rearranging the lower body days to better support recovery and sustainability. With proper attention to diet and recovery, athletes of all levels should see noticeable gains in strength and hypertrophy.

Deadlifts moved to the Lower Hypertrophy Day to optimize recovery.

Exercise order has been adjusted to accommodate this change, and calf volume has been slightly reduced.

Front squats have been replaced with Hack Squats for a better quad stimulus with less overall fatigue and a more manageable movement pattern.

Ab work has been added to each lower body day, which is optional but recommended for balanced core development.

For progression, aim to add either weight or reps each week. A simple method: once you hit the upper end of the rep range for a given exercise in all sets, increase the weight the next session. For Squat and Deadlift, add 10 lbs each time until you plateau, then reduce to 5 lbs increments. For Bench Press and OHP, aim to add 5 lbs each session. For accessory lifts, increase in the smallest possible increment.","['Advanced', 'Intermediate']","['Powerlifting', 'Powerbuilding']",Full Gym,12.0,90.0,1.0,4.0,6.0,Hack Squat,3.0,8.0,8.0,2024-11-18 11:11:00,2025-06-29 06:04:00
Optimized PHUL (Power Hypertrophy Upper Lower),"The goal of these revisions is to make the PHUL program more beginner-friendly by slightly altering exercise selection and rearranging the lower body days to better support recovery and sustainability. With proper attention to diet and recovery, athletes of all levels should see noticeable gains in strength and hypertrophy.

Deadlifts moved to the Lower Hypertrophy Day to optimize recovery.

Exercise order has been adjusted to accommodate this change, and calf volume has been slightly reduced.

Front squats have been replaced with Hack Squats for a better quad stimulus with less overall fatigue and a more manageable movement pattern.

Ab work has been added to each lower body day, which is optional but recommended for balanced core development.

For progression, aim to add either weight or reps each week. A simple method: once you hit the upper end of the rep range for a given exercise in all sets, increase the weight the next session. For Squat and Deadlift, add 10 lbs each time until you plateau, then reduce to 5 lbs increments. For Bench Press and OHP, aim to add 5 lbs each session. For accessory lifts, increase in the smallest possible increment.","['Advanced', 'Intermediate']","['Powerlifting', 'Powerbuilding']",Full Gym,12.0,90.0,1.0,4.0,6.0,Reverse Lunge (Barbell),3.0,6.0,8.0,2024-11-18 11:11:00,2025-06-29 06:04:00
Optimized PHUL (Power Hypertrophy Upper Lower),"The goal of these revisions is to make the PHUL program more beginner-friendly by slightly altering exercise selection and rearranging the lower body days to better support recovery and sustainability. With proper attention to diet and recovery, athletes of all levels should see noticeable gains in strength and hypertrophy.

Deadlifts moved to the Lower Hypertrophy Day to optimize recovery.

Exercise order has been adjusted to accommodate this change, and calf volume has been slightly reduced.

Front squats have been replaced with Hack Squats for a better quad stimulus with less overall fatigue and a more manageable movement pattern.

Ab work has been added to each lower body day, which is optional but recommended for balanced core development.

For progression, aim to add either weight or reps each week. A simple method: once you hit the upper end of the rep range for a given exercise in all sets, increase the weight the next session. For Squat and Deadlift, add 10 lbs each time until you plateau, then reduce to 5 lbs increments. For Bench Press and OHP, aim to add 5 lbs each session. For accessory lifts, increase in the smallest possible increment.","['Advanced', 'Intermediate']","['Powerlifting', 'Powerbuilding']",Full Gym,12.0,90.0,1.0,4.0,6.0,Seated Hamstring Curl,3.0,8.0,9.0,2024-11-18 11:11:00,2025-06-29 06:04:00
Optimized PHUL (Power Hypertrophy Upper Lower),"The goal of these revisions is to make the PHUL program more beginner-friendly by slightly altering exercise selection and rearranging the lower body days to better support recovery and sustainability. With proper attention to diet and recovery, athletes of all levels should see noticeable gains in strength and hypertrophy.

Deadlifts moved to the Lower Hypertrophy Day to optimize recovery.

Exercise order has been adjusted to accommodate this change, and calf volume has been slightly reduced.

Front squats have been replaced with Hack Squats for a better quad stimulus with less overall fatigue and a more manageable movement pattern.

Ab work has been added to each lower body day, which is optional but recommended for balanced core development.

For progression, aim to add either weight or reps each week. A simple method: once you hit the upper end of the rep range for a given exercise in all sets, increase the weight the next session. For Squat and Deadlift, add 10 lbs each time until you plateau, then reduce to 5 lbs increments. For Bench Press and OHP, aim to add 5 lbs each session. For accessory lifts, increase in the smallest possible increment.","['Advanced', 'Intermediate']","['Powerlifting', 'Powerbuilding']",Full Gym,12.0,90.0,1.0,4.0,6.0,Standing Calf Raise,4.0,8.0,8.0,2024-11-18 11:11:00,2025-06-29 06:04:00
Optimized PHUL (Power Hypertrophy Upper Lower),"The goal of these revisions is to make the PHUL program more beginner-friendly by slightly altering exercise selection and rearranging the lower body days to better support recovery and sustainability. With proper attention to diet and recovery, athletes of all levels should see noticeable gains in strength and hypertrophy.

Deadlifts moved to the Lower Hypertrophy Day to optimize recovery.

Exercise order has been adjusted to accommodate this change, and calf volume has been slightly reduced.

Front squats have been replaced with Hack Squats for a better quad stimulus with less overall fatigue and a more manageable movement pattern.

Ab work has been added to each lower body day, which is optional but recommended for balanced core development.

For progression, aim to add either weight or reps each week. A simple method: once you hit the upper end of the rep range for a given exercise in all sets, increase the weight the next session. For Squat and Deadlift, add 10 lbs each time until you plateau, then reduce to 5 lbs increments. For Bench Press and OHP, aim to add 5 lbs each session. For accessory lifts, increase in the smallest possible increment.","['Advanced', 'Intermediate']","['Powerlifting', 'Powerbuilding']",Full Gym,12.0,90.0,1.0,4.0,6.0,Abs Crunch (Machine),4.0,8.0,8.0,2024-11-18 11:11:00,2025-06-29 06:04:00
Optimized PHUL (Power Hypertrophy Upper Lower),"The goal of these revisions is to make the PHUL program more beginner-friendly by slightly altering exercise selection and rearranging the lower body days to better support recovery and sustainability. With proper attention to diet and recovery, athletes of all levels should see noticeable gains in strength and hypertrophy.

Deadlifts moved to the Lower Hypertrophy Day to optimize recovery.

Exercise order has been adjusted to accommodate this change, and calf volume has been slightly reduced.

Front squats have been replaced with Hack Squats for a better quad stimulus with less overall fatigue and a more manageable movement pattern.

Ab work has been added to each lower body day, which is optional but recommended for balanced core development.

For progression, aim to add either weight or reps each week. A simple method: once you hit the upper end of the rep range for a given exercise in all sets, increase the weight the next session. For Squat and Deadlift, add 10 lbs each time until you plateau, then reduce to 5 lbs increments. For Bench Press and OHP, aim to add 5 lbs each session. For accessory lifts, increase in the smallest possible increment.","['Advanced', 'Intermediate']","['Powerlifting', 'Powerbuilding']",Full Gym,12.0,90.0,2.0,1.0,7.0,Bench Press (Barbell),3.0,8.0,8.0,2024-11-18 11:11:00,2025-06-29 06:04:00
Optimized PHUL (Power Hypertrophy Upper Lower),"The goal of these revisions is to make the PHUL program more beginner-friendly by slightly altering exercise selection and rearranging the lower body days to better support recovery and sustainability. With proper attention to diet and recovery, athletes of all levels should see noticeable gains in strength and hypertrophy.

Deadlifts moved to the Lower Hypertrophy Day to optimize recovery.

Exercise order has been adjusted to accommodate this change, and calf volume has been slightly reduced.

Front squats have been replaced with Hack Squats for a better quad stimulus with less overall fatigue and a more manageable movement pattern.

Ab work has been added to each lower body day, which is optional but recommended for balanced core development.

For progression, aim to add either weight or reps each week. A simple method: once you hit the upper end of the rep range for a given exercise in all sets, increase the weight the next session. For Squat and Deadlift, add 10 lbs each time until you plateau, then reduce to 5 lbs increments. For Bench Press and OHP, aim to add 5 lbs each session. For accessory lifts, increase in the smallest possible increment.","['Advanced', 'Intermediate']","['Powerlifting', 'Powerbuilding']",Full Gym,12.0,90.0,2.0,1.0,7.0,Incline Chest Press (Machine),3.0,5.0,8.0,2024-11-18 11:11:00,2025-06-29 06:04:00
Optimized PHUL (Power Hypertrophy Upper Lower),"The goal of these revisions is to make the PHUL program more beginner-friendly by slightly altering exercise selection and rearranging the lower body days to better support recovery and sustainability. With proper attention to diet and recovery, athletes of all levels should see noticeable gains in strength and hypertrophy.

Deadlifts moved to the Lower Hypertrophy Day to optimize recovery.

Exercise order has been adjusted to accommodate this change, and calf volume has been slightly reduced.

Front squats have been replaced with Hack Squats for a better quad stimulus with less overall fatigue and a more manageable movement pattern.

Ab work has been added to each lower body day, which is optional but recommended for balanced core development.

For progression, aim to add either weight or reps each week. A simple method: once you hit the upper end of the rep range for a given exercise in all sets, increase the weight the next session. For Squat and Deadlift, add 10 lbs each time until you plateau, then reduce to 5 lbs increments. For Bench Press and OHP, aim to add 5 lbs each session. For accessory lifts, increase in the smallest possible increment.","['Advanced', 'Intermediate']","['Powerlifting', 'Powerbuilding']",Full Gym,12.0,90.0,2.0,1.0,7.0,Bent Over Row (Barbell),3.0,8.0,8.0,2024-11-18 11:11:00,2025-06-29 06:04:00
Optimized PHUL (Power Hypertrophy Upper Lower),"The goal of these revisions is to make the PHUL program more beginner-friendly by slightly altering exercise selection and rearranging the lower body days to better support recovery and sustainability. With proper attention to diet and recovery, athletes of all levels should see noticeable gains in strength and hypertrophy.

Deadlifts moved to the Lower Hypertrophy Day to optimize recovery.

Exercise order has been adjusted to accommodate this change, and calf volume has been slightly reduced.

Front squats have been replaced with Hack Squats for a better quad stimulus with less overall fatigue and a more manageable movement pattern.

Ab work has been added to each lower body day, which is optional but recommended for balanced core development.

For progression, aim to add either weight or reps each week. A simple method: once you hit the upper end of the rep range for a given exercise in all sets, increase the weight the next session. For Squat and Deadlift, add 10 lbs each time until you plateau, then reduce to 5 lbs increments. For Bench Press and OHP, aim to add 5 lbs each session. For accessory lifts, increase in the smallest possible increment.","['Advanced', 'Intermediate']","['Powerlifting', 'Powerbuilding']",Full Gym,12.0,90.0,2.0,1.0,7.0,Lat Pulldown,3.0,8.0,9.0,2024-11-18 11:11:00,2025-06-29 06:04:00
Optimized PHUL (Power Hypertrophy Upper Lower),"The goal of these revisions is to make the PHUL program more beginner-friendly by slightly altering exercise selection and rearranging the lower body days to better support recovery and sustainability. With proper attention to diet and recovery, athletes of all levels should see noticeable gains in strength and hypertrophy.

Deadlifts moved to the Lower Hypertrophy Day to optimize recovery.

Exercise order has been adjusted to accommodate this change, and calf volume has been slightly reduced.

Front squats have been replaced with Hack Squats for a better quad stimulus with less overall fatigue and a more manageable movement pattern.

Ab work has been added to each lower body day, which is optional but recommended for balanced core development.

For progression, aim to add either weight or reps each week. A simple method: once you hit the upper end of the rep range for a given exercise in all sets, increase the weight the next session. For Squat and Deadlift, add 10 lbs each time until you plateau, then reduce to 5 lbs increments. For Bench Press and OHP, aim to add 5 lbs each session. For accessory lifts, increase in the smallest possible increment.","['Advanced', 'Intermediate']","['Powerlifting', 'Powerbuilding']",Full Gym,12.0,90.0,2.0,1.0,7.0,Overhead Press (Barbell),3.0,8.0,8.0,2024-11-18 11:11:00,2025-06-29 06:04:00
Optimized PHUL (Power Hypertrophy Upper Lower),"The goal of these revisions is to make the PHUL program more beginner-friendly by slightly altering exercise selection and rearranging the lower body days to better support recovery and sustainability. With proper attention to diet and recovery, athletes of all levels should see noticeable gains in strength and hypertrophy.

Deadlifts moved to the Lower Hypertrophy Day to optimize recovery.

Exercise order has been adjusted to accommodate this change, and calf volume has been slightly reduced.

Front squats have been replaced with Hack Squats for a better quad stimulus with less overall fatigue and a more manageable movement pattern.

Ab work has been added to each lower body day, which is optional but recommended for balanced core development.

For progression, aim to add either weight or reps each week. A simple method: once you hit the upper end of the rep range for a given exercise in all sets, increase the weight the next session. For Squat and Deadlift, add 10 lbs each time until you plateau, then reduce to 5 lbs increments. For Bench Press and OHP, aim to add 5 lbs each session. For accessory lifts, increase in the smallest possible increment.","['Advanced', 'Intermediate']","['Powerlifting', 'Powerbuilding']",Full Gym,12.0,90.0,2.0,1.0,7.0,Bicep Curl (EZ Bar),3.0,8.0,8.0,2024-11-18 11:11:00,2025-06-29 06:04:00
Optimized PHUL (Power Hypertrophy Upper Lower),"The goal of these revisions is to make the PHUL program more beginner-friendly by slightly altering exercise selection and rearranging the lower body days to better support recovery and sustainability. With proper attention to diet and recovery, athletes of all levels should see noticeable gains in strength and hypertrophy.

Deadlifts moved to the Lower Hypertrophy Day to optimize recovery.

Exercise order has been adjusted to accommodate this change, and calf volume has been slightly reduced.

Front squats have been replaced with Hack Squats for a better quad stimulus with less overall fatigue and a more manageable movement pattern.

Ab work has been added to each lower body day, which is optional but recommended for balanced core development.

For progression, aim to add either weight or reps each week. A simple method: once you hit the upper end of the rep range for a given exercise in all sets, increase the weight the next session. For Squat and Deadlift, add 10 lbs each time until you plateau, then reduce to 5 lbs increments. For Bench Press and OHP, aim to add 5 lbs each session. For accessory lifts, increase in the smallest possible increment.","['Advanced', 'Intermediate']","['Powerlifting', 'Powerbuilding']",Full Gym,12.0,90.0,2.0,1.0,7.0,Skull Crusher (Barbell),3.0,5.0,9.0,2024-11-18 11:11:00,2025-06-29 06:04:00
Optimized PHUL (Power Hypertrophy Upper Lower),"The goal of these revisions is to make the PHUL program more beginner-friendly by slightly altering exercise selection and rearranging the lower body days to better support recovery and sustainability. With proper attention to diet and recovery, athletes of all levels should see noticeable gains in strength and hypertrophy.

Deadlifts moved to the Lower Hypertrophy Day to optimize recovery.

Exercise order has been adjusted to accommodate this change, and calf volume has been slightly reduced.

Front squats have been replaced with Hack Squats for a better quad stimulus with less overall fatigue and a more manageable movement pattern.

Ab work has been added to each lower body day, which is optional but recommended for balanced core development.

For progression, aim to add either weight or reps each week. A simple method: once you hit the upper end of the rep range for a given exercise in all sets, increase the weight the next session. For Squat and Deadlift, add 10 lbs each time until you plateau, then reduce to 5 lbs increments. For Bench Press and OHP, aim to add 5 lbs each session. For accessory lifts, increase in the smallest possible increment.","['Advanced', 'Intermediate']","['Powerlifting', 'Powerbuilding']",Full Gym,12.0,90.0,2.0,2.0,6.0,Squat (Barbell),3.0,9.0,8.0,2024-11-18 11:11:00,2025-06-29 06:04:00
Optimized PHUL (Power Hypertrophy Upper Lower),"The goal of these revisions is to make the PHUL program more beginner-friendly by slightly altering exercise selection and rearranging the lower body days to better support recovery and sustainability. With proper attention to diet and recovery, athletes of all levels should see noticeable gains in strength and hypertrophy.

Deadlifts moved to the Lower Hypertrophy Day to optimize recovery.

Exercise order has been adjusted to accommodate this change, and calf volume has been slightly reduced.

Front squats have been replaced with Hack Squats for a better quad stimulus with less overall fatigue and a more manageable movement pattern.

Ab work has been added to each lower body day, which is optional but recommended for balanced core development.

For progression, aim to add either weight or reps each week. A simple method: once you hit the upper end of the rep range for a given exercise in all sets, increase the weight the next session. For Squat and Deadlift, add 10 lbs each time until you plateau, then reduce to 5 lbs increments. For Bench Press and OHP, aim to add 5 lbs each session. For accessory lifts, increase in the smallest possible increment.","['Advanced', 'Intermediate']","['Powerlifting', 'Powerbuilding']",Full Gym,12.0,90.0,2.0,2.0,6.0,Leg Press,3.0,12.0,8.0,2024-11-18 11:11:00,2025-06-29 06:04:00
Optimized PHUL (Power Hypertrophy Upper Lower),"The goal of these revisions is to make the PHUL program more beginner-friendly by slightly altering exercise selection and rearranging the lower body days to better support recovery and sustainability. With proper attention to diet and recovery, athletes of all levels should see noticeable gains in strength and hypertrophy.

Deadlifts moved to the Lower Hypertrophy Day to optimize recovery.

Exercise order has been adjusted to accommodate this change, and calf volume has been slightly reduced.

Front squats have been replaced with Hack Squats for a better quad stimulus with less overall fatigue and a more manageable movement pattern.

Ab work has been added to each lower body day, which is optional but recommended for balanced core development.

For progression, aim to add either weight or reps each week. A simple method: once you hit the upper end of the rep range for a given exercise in all sets, increase the weight the next session. For Squat and Deadlift, add 10 lbs each time until you plateau, then reduce to 5 lbs increments. For Bench Press and OHP, aim to add 5 lbs each session. For accessory lifts, increase in the smallest possible increment.","['Advanced', 'Intermediate']","['Powerlifting', 'Powerbuilding']",Full Gym,12.0,90.0,2.0,2.0,6.0,Seated Hamstring Curl,3.0,12.0,8.0,2024-11-18 11:11:00,2025-06-29 06:04:00
Optimized PHUL (Power Hypertrophy Upper Lower),"The goal of these revisions is to make the PHUL program more beginner-friendly by slightly altering exercise selection and rearranging the lower body days to better support recovery and sustainability. With proper attention to diet and recovery, athletes of all levels should see noticeable gains in strength and hypertrophy.

Deadlifts moved to the Lower Hypertrophy Day to optimize recovery.

Exercise order has been adjusted to accommodate this change, and calf volume has been slightly reduced.

Front squats have been replaced with Hack Squats for a better quad stimulus with less overall fatigue and a more manageable movement pattern.

Ab work has been added to each lower body day, which is optional but recommended for balanced core development.

For progression, aim to add either weight or reps each week. A simple method: once you hit the upper end of the rep range for a given exercise in all sets, increase the weight the next session. For Squat and Deadlift, add 10 lbs each time until you plateau, then reduce to 5 lbs increments. For Bench Press and OHP, aim to add 5 lbs each session. For accessory lifts, increase in the smallest possible increment.","['Advanced', 'Intermediate']","['Powerlifting', 'Powerbuilding']",Full Gym,12.0,90.0,2.0,2.0,6.0,Leg Extension,3.0,10.0,8.0,2024-11-18 11:11:00,2025-06-29 06:04:00
Optimized PHUL (Power Hypertrophy Upper Lower),"The goal of these revisions is to make the PHUL program more beginner-friendly by slightly altering exercise selection and rearranging the lower body days to better support recovery and sustainability. With proper attention to diet and recovery, athletes of all levels should see noticeable gains in strength and hypertrophy.

Deadlifts moved to the Lower Hypertrophy Day to optimize recovery.

Exercise order has been adjusted to accommodate this change, and calf volume has been slightly reduced.

Front squats have been replaced with Hack Squats for a better quad stimulus with less overall fatigue and a more manageable movement pattern.

Ab work has been added to each lower body day, which is optional but recommended for balanced core development.

For progression, aim to add either weight or reps each week. A simple method: once you hit the upper end of the rep range for a given exercise in all sets, increase the weight the next session. For Squat and Deadlift, add 10 lbs each time until you plateau, then reduce to 5 lbs increments. For Bench Press and OHP, aim to add 5 lbs each session. For accessory lifts, increase in the smallest possible increment.","['Advanced', 'Intermediate']","['Powerlifting', 'Powerbuilding']",Full Gym,12.0,90.0,2.0,2.0,6.0,Seated Calf Raise,4.0,6.0,8.0,2024-11-18 11:11:00,2025-06-29 06:04:00
Optimized PHUL (Power Hypertrophy Upper Lower),"The goal of these revisions is to make the PHUL program more beginner-friendly by slightly altering exercise selection and rearranging the lower body days to better support recovery and sustainability. With proper attention to diet and recovery, athletes of all levels should see noticeable gains in strength and hypertrophy.

Deadlifts moved to the Lower Hypertrophy Day to optimize recovery.

Exercise order has been adjusted to accommodate this change, and calf volume has been slightly reduced.

Front squats have been replaced with Hack Squats for a better quad stimulus with less overall fatigue and a more manageable movement pattern.

Ab work has been added to each lower body day, which is optional but recommended for balanced core development.

For progression, aim to add either weight or reps each week. A simple method: once you hit the upper end of the rep range for a given exercise in all sets, increase the weight the next session. For Squat and Deadlift, add 10 lbs each time until you plateau, then reduce to 5 lbs increments. For Bench Press and OHP, aim to add 5 lbs each session. For accessory lifts, increase in the smallest possible increment.","['Advanced', 'Intermediate']","['Powerlifting', 'Powerbuilding']",Full Gym,12.0,90.0,2.0,2.0,6.0,Abs Crunch (Machine),4.0,10.0,8.0,2024-11-18 11:11:00,2025-06-29 06:04:00
Optimized PHUL (Power Hypertrophy Upper Lower),"The goal of these revisions is to make the PHUL program more beginner-friendly by slightly altering exercise selection and rearranging the lower body days to better support recovery and sustainability. With proper attention to diet and recovery, athletes of all levels should see noticeable gains in strength and hypertrophy.

Deadlifts moved to the Lower Hypertrophy Day to optimize recovery.

Exercise order has been adjusted to accommodate this change, and calf volume has been slightly reduced.

Front squats have been replaced with Hack Squats for a better quad stimulus with less overall fatigue and a more manageable movement pattern.

Ab work has been added to each lower body day, which is optional but recommended for balanced core development.

For progression, aim to add either weight or reps each week. A simple method: once you hit the upper end of the rep range for a given exercise in all sets, increase the weight the next session. For Squat and Deadlift, add 10 lbs each time until you plateau, then reduce to 5 lbs increments. For Bench Press and OHP, aim to add 5 lbs each session. For accessory lifts, increase in the smallest possible increment.","['Advanced', 'Intermediate']","['Powerlifting', 'Powerbuilding']",Full Gym,12.0,90.0,2.0,3.0,7.0,Incline Bench Press (Barbell),3.0,20.0,8.0,2024-11-18 11:11:00,2025-06-29 06:04:00
Optimized PHUL (Power Hypertrophy Upper Lower),"The goal of these revisions is to make the PHUL program more beginner-friendly by slightly altering exercise selection and rearranging the lower body days to better support recovery and sustainability. With proper attention to diet and recovery, athletes of all levels should see noticeable gains in strength and hypertrophy.

Deadlifts moved to the Lower Hypertrophy Day to optimize recovery.

Exercise order has been adjusted to accommodate this change, and calf volume has been slightly reduced.

Front squats have been replaced with Hack Squats for a better quad stimulus with less overall fatigue and a more manageable movement pattern.

Ab work has been added to each lower body day, which is optional but recommended for balanced core development.

For progression, aim to add either weight or reps each week. A simple method: once you hit the upper end of the rep range for a given exercise in all sets, increase the weight the next session. For Squat and Deadlift, add 10 lbs each time until you plateau, then reduce to 5 lbs increments. For Bench Press and OHP, aim to add 5 lbs each session. For accessory lifts, increase in the smallest possible increment.","['Advanced', 'Intermediate']","['Powerlifting', 'Powerbuilding']",Full Gym,12.0,90.0,2.0,3.0,7.0,Chest Fly (Machine),3.0,15.0,8.0,2024-11-18 11:11:00,2025-06-29 06:04:00
Optimized PHUL (Power Hypertrophy Upper Lower),"The goal of these revisions is to make the PHUL program more beginner-friendly by slightly altering exercise selection and rearranging the lower body days to better support recovery and sustainability. With proper attention to diet and recovery, athletes of all levels should see noticeable gains in strength and hypertrophy.

Deadlifts moved to the Lower Hypertrophy Day to optimize recovery.

Exercise order has been adjusted to accommodate this change, and calf volume has been slightly reduced.

Front squats have been replaced with Hack Squats for a better quad stimulus with less overall fatigue and a more manageable movement pattern.

Ab work has been added to each lower body day, which is optional but recommended for balanced core development.

For progression, aim to add either weight or reps each week. A simple method: once you hit the upper end of the rep range for a given exercise in all sets, increase the weight the next session. For Squat and Deadlift, add 10 lbs each time until you plateau, then reduce to 5 lbs increments. For Bench Press and OHP, aim to add 5 lbs each session. For accessory lifts, increase in the smallest possible increment.","['Advanced', 'Intermediate']","['Powerlifting', 'Powerbuilding']",Full Gym,12.0,90.0,2.0,3.0,7.0,Seated Row (Cable),3.0,-900.0,8.0,2024-11-18 11:11:00,2025-06-29 06:04:00
Optimized PHUL (Power Hypertrophy Upper Lower),"The goal of these revisions is to make the PHUL program more beginner-friendly by slightly altering exercise selection and rearranging the lower body days to better support recovery and sustainability. With proper attention to diet and recovery, athletes of all levels should see noticeable gains in strength and hypertrophy.

Deadlifts moved to the Lower Hypertrophy Day to optimize recovery.

Exercise order has been adjusted to accommodate this change, and calf volume has been slightly reduced.

Front squats have been replaced with Hack Squats for a better quad stimulus with less overall fatigue and a more manageable movement pattern.

Ab work has been added to each lower body day, which is optional but recommended for balanced core development.

For progression, aim to add either weight or reps each week. A simple method: once you hit the upper end of the rep range for a given exercise in all sets, increase the weight the next session. For Squat and Deadlift, add 10 lbs each time until you plateau, then reduce to 5 lbs increments. For Bench Press and OHP, aim to add 5 lbs each session. For accessory lifts, increase in the smallest possible increment.","['Advanced', 'Intermediate']","['Powerlifting', 'Powerbuilding']",Full Gym,12.0,90.0,2.0,3.0,7.0,Single Arm Row (Dumbbell),3.0,10.0,8.0,2024-11-18 11:11:00,2025-06-29 06:04:00
Optimized PHUL (Power Hypertrophy Upper Lower),"The goal of these revisions is to make the PHUL program more beginner-friendly by slightly altering exercise selection and rearranging the lower body days to better support recovery and sustainability. With proper attention to diet and recovery, athletes of all levels should see noticeable gains in strength and hypertrophy.

Deadlifts moved to the Lower Hypertrophy Day to optimize recovery.

Exercise order has been adjusted to accommodate this change, and calf volume has been slightly reduced.

Front squats have been replaced with Hack Squats for a better quad stimulus with less overall fatigue and a more manageable movement pattern.

Ab work has been added to each lower body day, which is optional but recommended for balanced core development.

For progression, aim to add either weight or reps each week. A simple method: once you hit the upper end of the rep range for a given exercise in all sets, increase the weight the next session. For Squat and Deadlift, add 10 lbs each time until you plateau, then reduce to 5 lbs increments. For Bench Press and OHP, aim to add 5 lbs each session. For accessory lifts, increase in the smallest possible increment.","['Advanced', 'Intermediate']","['Powerlifting', 'Powerbuilding']",Full Gym,12.0,90.0,2.0,3.0,7.0,Lateral Raise (Dumbbell),3.0,9.0,10.0,2024-11-18 11:11:00,2025-06-29 06:04:00
Optimized PHUL (Power Hypertrophy Upper Lower),"The goal of these revisions is to make the PHUL program more beginner-friendly by slightly altering exercise selection and rearranging the lower body days to better support recovery and sustainability. With proper attention to diet and recovery, athletes of all levels should see noticeable gains in strength and hypertrophy.

Deadlifts moved to the Lower Hypertrophy Day to optimize recovery.

Exercise order has been adjusted to accommodate this change, and calf volume has been slightly reduced.

Front squats have been replaced with Hack Squats for a better quad stimulus with less overall fatigue and a more manageable movement pattern.

Ab work has been added to each lower body day, which is optional but recommended for balanced core development.

For progression, aim to add either weight or reps each week. A simple method: once you hit the upper end of the rep range for a given exercise in all sets, increase the weight the next session. For Squat and Deadlift, add 10 lbs each time until you plateau, then reduce to 5 lbs increments. For Bench Press and OHP, aim to add 5 lbs each session. For accessory lifts, increase in the smallest possible increment.","['Advanced', 'Intermediate']","['Powerlifting', 'Powerbuilding']",Full Gym,12.0,90.0,2.0,3.0,7.0,Incline Curl (Dumbbell),3.0,10.0,8.0,2024-11-18 11:11:00,2025-06-29 06:04:00
Optimized PHUL (Power Hypertrophy Upper Lower),"The goal of these revisions is to make the PHUL program more beginner-friendly by slightly altering exercise selection and rearranging the lower body days to better support recovery and sustainability. With proper attention to diet and recovery, athletes of all levels should see noticeable gains in strength and hypertrophy.

Deadlifts moved to the Lower Hypertrophy Day to optimize recovery.

Exercise order has been adjusted to accommodate this change, and calf volume has been slightly reduced.

Front squats have been replaced with Hack Squats for a better quad stimulus with less overall fatigue and a more manageable movement pattern.

Ab work has been added to each lower body day, which is optional but recommended for balanced core development.

For progression, aim to add either weight or reps each week. A simple method: once you hit the upper end of the rep range for a given exercise in all sets, increase the weight the next session. For Squat and Deadlift, add 10 lbs each time until you plateau, then reduce to 5 lbs increments. For Bench Press and OHP, aim to add 5 lbs each session. For accessory lifts, increase in the smallest possible increment.","['Advanced', 'Intermediate']","['Powerlifting', 'Powerbuilding']",Full Gym,12.0,90.0,2.0,3.0,7.0,Tricep Extension (Cable),3.0,12.0,8.0,2024-11-18 11:11:00,2025-06-29 06:04:00
Optimized PHUL (Power Hypertrophy Upper Lower),"The goal of these revisions is to make the PHUL program more beginner-friendly by slightly altering exercise selection and rearranging the lower body days to better support recovery and sustainability. With proper attention to diet and recovery, athletes of all levels should see noticeable gains in strength and hypertrophy.

Deadlifts moved to the Lower Hypertrophy Day to optimize recovery.

Exercise order has been adjusted to accommodate this change, and calf volume has been slightly reduced.

Front squats have been replaced with Hack Squats for a better quad stimulus with less overall fatigue and a more manageable movement pattern.

Ab work has been added to each lower body day, which is optional but recommended for balanced core development.

For progression, aim to add either weight or reps each week. A simple method: once you hit the upper end of the rep range for a given exercise in all sets, increase the weight the next session. For Squat and Deadlift, add 10 lbs each time until you plateau, then reduce to 5 lbs increments. For Bench Press and OHP, aim to add 5 lbs each session. For accessory lifts, increase in the smallest possible increment.","['Advanced', 'Intermediate']","['Powerlifting', 'Powerbuilding']",Full Gym,12.0,90.0,2.0,4.0,6.0,Deadlift (Barbell),3.0,20.0,9.0,2024-11-18 11:11:00,2025-06-29 06:04:00
Optimized PHUL (Power Hypertrophy Upper Lower),"The goal of these revisions is to make the PHUL program more beginner-friendly by slightly altering exercise selection and rearranging the lower body days to better support recovery and sustainability. With proper attention to diet and recovery, athletes of all levels should see noticeable gains in strength and hypertrophy.

Deadlifts moved to the Lower Hypertrophy Day to optimize recovery.

Exercise order has been adjusted to accommodate this change, and calf volume has been slightly reduced.

Front squats have been replaced with Hack Squats for a better quad stimulus with less overall fatigue and a more manageable movement pattern.

Ab work has been added to each lower body day, which is optional but recommended for balanced core development.

For progression, aim to add either weight or reps each week. A simple method: once you hit the upper end of the rep range for a given exercise in all sets, increase the weight the next session. For Squat and Deadlift, add 10 lbs each time until you plateau, then reduce to 5 lbs increments. For Bench Press and OHP, aim to add 5 lbs each session. For accessory lifts, increase in the smallest possible increment.","['Advanced', 'Intermediate']","['Powerlifting', 'Powerbuilding']",Full Gym,12.0,90.0,2.0,4.0,6.0,Hack Squat,3.0,5.0,8.0,2024-11-18 11:11:00,2025-06-29 06:04:00
Optimized PHUL (Power Hypertrophy Upper Lower),"The goal of these revisions is to make the PHUL program more beginner-friendly by slightly altering exercise selection and rearranging the lower body days to better support recovery and sustainability. With proper attention to diet and recovery, athletes of all levels should see noticeable gains in strength and hypertrophy.

Deadlifts moved to the Lower Hypertrophy Day to optimize recovery.

Exercise order has been adjusted to accommodate this change, and calf volume has been slightly reduced.

Front squats have been replaced with Hack Squats for a better quad stimulus with less overall fatigue and a more manageable movement pattern.

Ab work has been added to each lower body day, which is optional but recommended for balanced core development.

For progression, aim to add either weight or reps each week. A simple method: once you hit the upper end of the rep range for a given exercise in all sets, increase the weight the next session. For Squat and Deadlift, add 10 lbs each time until you plateau, then reduce to 5 lbs increments. For Bench Press and OHP, aim to add 5 lbs each session. For accessory lifts, increase in the smallest possible increment.","['Advanced', 'Intermediate']","['Powerlifting', 'Powerbuilding']",Full Gym,12.0,90.0,2.0,4.0,6.0,Reverse Lunge (Barbell),3.0,10.0,8.0,2024-11-18 11:11:00,2025-06-29 06:04:00
Optimized PHUL (Power Hypertrophy Upper Lower),"The goal of these revisions is to make the PHUL program more beginner-friendly by slightly altering exercise selection and rearranging the lower body days to better support recovery and sustainability. With proper attention to diet and recovery, athletes of all levels should see noticeable gains in strength and hypertrophy.

Deadlifts moved to the Lower Hypertrophy Day to optimize recovery.

Exercise order has been adjusted to accommodate this change, and calf volume has been slightly reduced.

Front squats have been replaced with Hack Squats for a better quad stimulus with less overall fatigue and a more manageable movement pattern.

Ab work has been added to each lower body day, which is optional but recommended for balanced core development.

For progression, aim to add either weight or reps each week. A simple method: once you hit the upper end of the rep range for a given exercise in all sets, increase the weight the next session. For Squat and Deadlift, add 10 lbs each time until you plateau, then reduce to 5 lbs increments. For Bench Press and OHP, aim to add 5 lbs each session. For accessory lifts, increase in the smallest possible increment.","['Advanced', 'Intermediate']","['Powerlifting', 'Powerbuilding']",Full Gym,12.0,90.0,2.0,4.0,6.0,Seated Hamstring Curl,3.0,12.0,8.0,2024-11-18 11:11:00,2025-06-29 06:04:00
Optimized PHUL (Power Hypertrophy Upper Lower),"The goal of these revisions is to make the PHUL program more beginner-friendly by slightly altering exercise selection and rearranging the lower body days to better support recovery and sustainability. With proper attention to diet and recovery, athletes of all levels should see noticeable gains in strength and hypertrophy.

Deadlifts moved to the Lower Hypertrophy Day to optimize recovery.

Exercise order has been adjusted to accommodate this change, and calf volume has been slightly reduced.

Front squats have been replaced with Hack Squats for a better quad stimulus with less overall fatigue and a more manageable movement pattern.

Ab work has been added to each lower body day, which is optional but recommended for balanced core development.

For progression, aim to add either weight or reps each week. A simple method: once you hit the upper end of the rep range for a given exercise in all sets, increase the weight the next session. For Squat and Deadlift, add 10 lbs each time until you plateau, then reduce to 5 lbs increments. For Bench Press and OHP, aim to add 5 lbs each session. For accessory lifts, increase in the smallest possible increment.","['Advanced', 'Intermediate']","['Powerlifting', 'Powerbuilding']",Full Gym,12.0,90.0,2.0,4.0,6.0,Standing Calf Raise,4.0,20.0,8.0,2024-11-18 11:11:00,2025-06-29 06:04:00
Optimized PHUL (Power Hypertrophy Upper Lower),"The goal of these revisions is to make the PHUL program more beginner-friendly by slightly altering exercise selection and rearranging the lower body days to better support recovery and sustainability. With proper attention to diet and recovery, athletes of all levels should see noticeable gains in strength and hypertrophy.

Deadlifts moved to the Lower Hypertrophy Day to optimize recovery.

Exercise order has been adjusted to accommodate this change, and calf volume has been slightly reduced.

Front squats have been replaced with Hack Squats for a better quad stimulus with less overall fatigue and a more manageable movement pattern.

Ab work has been added to each lower body day, which is optional but recommended for balanced core development.

For progression, aim to add either weight or reps each week. A simple method: once you hit the upper end of the rep range for a given exercise in all sets, increase the weight the next session. For Squat and Deadlift, add 10 lbs each time until you plateau, then reduce to 5 lbs increments. For Bench Press and OHP, aim to add 5 lbs each session. For accessory lifts, increase in the smallest possible increment.","['Advanced', 'Intermediate']","['Powerlifting', 'Powerbuilding']",Full Gym,12.0,90.0,2.0,4.0,6.0,Abs Crunch (Machine),4.0,-1200.0,8.0,2024-11-18 11:11:00,2025-06-29 06:04:00
Optimized PHUL (Power Hypertrophy Upper Lower),"The goal of these revisions is to make the PHUL program more beginner-friendly by slightly altering exercise selection and rearranging the lower body days to better support recovery and sustainability. With proper attention to diet and recovery, athletes of all levels should see noticeable gains in strength and hypertrophy.

Deadlifts moved to the Lower Hypertrophy Day to optimize recovery.

Exercise order has been adjusted to accommodate this change, and calf volume has been slightly reduced.

Front squats have been replaced with Hack Squats for a better quad stimulus with less overall fatigue and a more manageable movement pattern.

Ab work has been added to each lower body day, which is optional but recommended for balanced core development.

For progression, aim to add either weight or reps each week. A simple method: once you hit the upper end of the rep range for a given exercise in all sets, increase the weight the next session. For Squat and Deadlift, add 10 lbs each time until you plateau, then reduce to 5 lbs increments. For Bench Press and OHP, aim to add 5 lbs each session. For accessory lifts, increase in the smallest possible increment.","['Advanced', 'Intermediate']","['Powerlifting', 'Powerbuilding']",Full Gym,12.0,90.0,3.0,1.0,7.0,Bench Press (Barbell),3.0,5.0,9.0,2024-11-18 11:11:00,2025-06-29 06:04:00
Optimized PHUL (Power Hypertrophy Upper Lower),"The goal of these revisions is to make the PHUL program more beginner-friendly by slightly altering exercise selection and rearranging the lower body days to better support recovery and sustainability. With proper attention to diet and recovery, athletes of all levels should see noticeable gains in strength and hypertrophy.

Deadlifts moved to the Lower Hypertrophy Day to optimize recovery.

Exercise order has been adjusted to accommodate this change, and calf volume has been slightly reduced.

Front squats have been replaced with Hack Squats for a better quad stimulus with less overall fatigue and a more manageable movement pattern.

Ab work has been added to each lower body day, which is optional but recommended for balanced core development.

For progression, aim to add either weight or reps each week. A simple method: once you hit the upper end of the rep range for a given exercise in all sets, increase the weight the next session. For Squat and Deadlift, add 10 lbs each time until you plateau, then reduce to 5 lbs increments. For Bench Press and OHP, aim to add 5 lbs each session. For accessory lifts, increase in the smallest possible increment.","['Advanced', 'Intermediate']","['Powerlifting', 'Powerbuilding']",Full Gym,12.0,90.0,3.0,1.0,7.0,Incline Chest Press (Machine),3.0,9.0,8.0,2024-11-18 11:11:00,2025-06-29 06:04:00
Optimized PHUL (Power Hypertrophy Upper Lower),"The goal of these revisions is to make the PHUL program more beginner-friendly by slightly altering exercise selection and rearranging the lower body days to better support recovery and sustainability. With proper attention to diet and recovery, athletes of all levels should see noticeable gains in strength and hypertrophy.

Deadlifts moved to the Lower Hypertrophy Day to optimize recovery.

Exercise order has been adjusted to accommodate this change, and calf volume has been slightly reduced.

Front squats have been replaced with Hack Squats for a better quad stimulus with less overall fatigue and a more manageable movement pattern.

Ab work has been added to each lower body day, which is optional but recommended for balanced core development.

For progression, aim to add either weight or reps each week. A simple method: once you hit the upper end of the rep range for a given exercise in all sets, increase the weight the next session. For Squat and Deadlift, add 10 lbs each time until you plateau, then reduce to 5 lbs increments. For Bench Press and OHP, aim to add 5 lbs each session. For accessory lifts, increase in the smallest possible increment.","['Advanced', 'Intermediate']","['Powerlifting', 'Powerbuilding']",Full Gym,12.0,90.0,3.0,1.0,7.0,Bent Over Row (Barbell),3.0,12.0,8.0,2024-11-18 11:11:00,2025-06-29 06:04:00
Optimized PHUL (Power Hypertrophy Upper Lower),"The goal of these revisions is to make the PHUL program more beginner-friendly by slightly altering exercise selection and rearranging the lower body days to better support recovery and sustainability. With proper attention to diet and recovery, athletes of all levels should see noticeable gains in strength and hypertrophy.

Deadlifts moved to the Lower Hypertrophy Day to optimize recovery.

Exercise order has been adjusted to accommodate this change, and calf volume has been slightly reduced.

Front squats have been replaced with Hack Squats for a better quad stimulus with less overall fatigue and a more manageable movement pattern.

Ab work has been added to each lower body day, which is optional but recommended for balanced core development.

For progression, aim to add either weight or reps each week. A simple method: once you hit the upper end of the rep range for a given exercise in all sets, increase the weight the next session. For Squat and Deadlift, add 10 lbs each time until you plateau, then reduce to 5 lbs increments. For Bench Press and OHP, aim to add 5 lbs each session. For accessory lifts, increase in the smallest possible increment.","['Advanced', 'Intermediate']","['Powerlifting', 'Powerbuilding']",Full Gym,12.0,90.0,3.0,1.0,7.0,Lat Pulldown,3.0,12.0,9.0,2024-11-18 11:11:00,2025-06-29 06:04:00
Optimized PHUL (Power Hypertrophy Upper Lower),"The goal of these revisions is to make the PHUL program more beginner-friendly by slightly altering exercise selection and rearranging the lower body days to better support recovery and sustainability. With proper attention to diet and recovery, athletes of all levels should see noticeable gains in strength and hypertrophy.

Deadlifts moved to the Lower Hypertrophy Day to optimize recovery.

Exercise order has been adjusted to accommodate this change, and calf volume has been slightly reduced.

Front squats have been replaced with Hack Squats for a better quad stimulus with less overall fatigue and a more manageable movement pattern.

Ab work has been added to each lower body day, which is optional but recommended for balanced core development.

For progression, aim to add either weight or reps each week. A simple method: once you hit the upper end of the rep range for a given exercise in all sets, increase the weight the next session. For Squat and Deadlift, add 10 lbs each time until you plateau, then reduce to 5 lbs increments. For Bench Press and OHP, aim to add 5 lbs each session. For accessory lifts, increase in the smallest possible increment.","['Advanced', 'Intermediate']","['Powerlifting', 'Powerbuilding']",Full Gym,12.0,90.0,3.0,1.0,7.0,Overhead Press (Barbell),3.0,10.0,8.0,2024-11-18 11:11:00,2025-06-29 06:04:00
Optimized PHUL (Power Hypertrophy Upper Lower),"The goal of these revisions is to make the PHUL program more beginner-friendly by slightly altering exercise selection and rearranging the lower body days to better support recovery and sustainability. With proper attention to diet and recovery, athletes of all levels should see noticeable gains in strength and hypertrophy.

Deadlifts moved to the Lower Hypertrophy Day to optimize recovery.

Exercise order has been adjusted to accommodate this change, and calf volume has been slightly reduced.

Front squats have been replaced with Hack Squats for a better quad stimulus with less overall fatigue and a more manageable movement pattern.

Ab work has been added to each lower body day, which is optional but recommended for balanced core development.

For progression, aim to add either weight or reps each week. A simple method: once you hit the upper end of the rep range for a given exercise in all sets, increase the weight the next session. For Squat and Deadlift, add 10 lbs each time until you plateau, then reduce to 5 lbs increments. For Bench Press and OHP, aim to add 5 lbs each session. For accessory lifts, increase in the smallest possible increment.","['Advanced', 'Intermediate']","['Powerlifting', 'Powerbuilding']",Full Gym,12.0,90.0,3.0,1.0,7.0,Bicep Curl (EZ Bar),3.0,6.0,8.0,2024-11-18 11:11:00,2025-06-29 06:04:00
Optimized PHUL (Power Hypertrophy Upper Lower),"The goal of these revisions is to make the PHUL program more beginner-friendly by slightly altering exercise selection and rearranging the lower body days to better support recovery and sustainability. With proper attention to diet and recovery, athletes of all levels should see noticeable gains in strength and hypertrophy.

Deadlifts moved to the Lower Hypertrophy Day to optimize recovery.

Exercise order has been adjusted to accommodate this change, and calf volume has been slightly reduced.

Front squats have been replaced with Hack Squats for a better quad stimulus with less overall fatigue and a more manageable movement pattern.

Ab work has been added to each lower body day, which is optional but recommended for balanced core development.

For progression, aim to add either weight or reps each week. A simple method: once you hit the upper end of the rep range for a given exercise in all sets, increase the weight the next session. For Squat and Deadlift, add 10 lbs each time until you plateau, then reduce to 5 lbs increments. For Bench Press and OHP, aim to add 5 lbs each session. For accessory lifts, increase in the smallest possible increment.","['Advanced', 'Intermediate']","['Powerlifting', 'Powerbuilding']",Full Gym,12.0,90.0,3.0,1.0,7.0,Skull Crusher (Barbell),3.0,10.0,8.0,2024-11-18 11:11:00,2025-06-29 06:04:00
Optimized PHUL (Power Hypertrophy Upper Lower),"The goal of these revisions is to make the PHUL program more beginner-friendly by slightly altering exercise selection and rearranging the lower body days to better support recovery and sustainability. With proper attention to diet and recovery, athletes of all levels should see noticeable gains in strength and hypertrophy.

Deadlifts moved to the Lower Hypertrophy Day to optimize recovery.

Exercise order has been adjusted to accommodate this change, and calf volume has been slightly reduced.

Front squats have been replaced with Hack Squats for a better quad stimulus with less overall fatigue and a more manageable movement pattern.

Ab work has been added to each lower body day, which is optional but recommended for balanced core development.

For progression, aim to add either weight or reps each week. A simple method: once you hit the upper end of the rep range for a given exercise in all sets, increase the weight the next session. For Squat and Deadlift, add 10 lbs each time until you plateau, then reduce to 5 lbs increments. For Bench Press and OHP, aim to add 5 lbs each session. For accessory lifts, increase in the smallest possible increment.","['Advanced', 'Intermediate']","['Powerlifting', 'Powerbuilding']",Full Gym,12.0,90.0,3.0,2.0,6.0,Squat (Barbell),3.0,20.0,8.0,2024-11-18 11:11:00,2025-06-29 06:04:00
Optimized PHUL (Power Hypertrophy Upper Lower),"The goal of these revisions is to make the PHUL program more beginner-friendly by slightly altering exercise selection and rearranging the lower body days to better support recovery and sustainability. With proper attention to diet and recovery, athletes of all levels should see noticeable gains in strength and hypertrophy.

Deadlifts moved to the Lower Hypertrophy Day to optimize recovery.

Exercise order has been adjusted to accommodate this change, and calf volume has been slightly reduced.

Front squats have been replaced with Hack Squats for a better quad stimulus with less overall fatigue and a more manageable movement pattern.

Ab work has been added to each lower body day, which is optional but recommended for balanced core development.

For progression, aim to add either weight or reps each week. A simple method: once you hit the upper end of the rep range for a given exercise in all sets, increase the weight the next session. For Squat and Deadlift, add 10 lbs each time until you plateau, then reduce to 5 lbs increments. For Bench Press and OHP, aim to add 5 lbs each session. For accessory lifts, increase in the smallest possible increment.","['Advanced', 'Intermediate']","['Powerlifting', 'Powerbuilding']",Full Gym,12.0,90.0,3.0,2.0,6.0,Leg Press,3.0,15.0,8.0,2024-11-18 11:11:00,2025-06-29 06:04:00
Optimized PHUL (Power Hypertrophy Upper Lower),"The goal of these revisions is to make the PHUL program more beginner-friendly by slightly altering exercise selection and rearranging the lower body days to better support recovery and sustainability. With proper attention to diet and recovery, athletes of all levels should see noticeable gains in strength and hypertrophy.

Deadlifts moved to the Lower Hypertrophy Day to optimize recovery.

Exercise order has been adjusted to accommodate this change, and calf volume has been slightly reduced.

Front squats have been replaced with Hack Squats for a better quad stimulus with less overall fatigue and a more manageable movement pattern.

Ab work has been added to each lower body day, which is optional but recommended for balanced core development.

For progression, aim to add either weight or reps each week. A simple method: once you hit the upper end of the rep range for a given exercise in all sets, increase the weight the next session. For Squat and Deadlift, add 10 lbs each time until you plateau, then reduce to 5 lbs increments. For Bench Press and OHP, aim to add 5 lbs each session. For accessory lifts, increase in the smallest possible increment.","['Advanced', 'Intermediate']","['Powerlifting', 'Powerbuilding']",Full Gym,12.0,90.0,3.0,2.0,6.0,Seated Hamstring Curl,3.0,-900.0,8.0,2024-11-18 11:11:00,2025-06-29 06:04:00
Optimized PHUL (Power Hypertrophy Upper Lower),"The goal of these revisions is to make the PHUL program more beginner-friendly by slightly altering exercise selection and rearranging the lower body days to better support recovery and sustainability. With proper attention to diet and recovery, athletes of all levels should see noticeable gains in strength and hypertrophy.

Deadlifts moved to the Lower Hypertrophy Day to optimize recovery.

Exercise order has been adjusted to accommodate this change, and calf volume has been slightly reduced.

Front squats have been replaced with Hack Squats for a better quad stimulus with less overall fatigue and a more manageable movement pattern.

Ab work has been added to each lower body day, which is optional but recommended for balanced core development.

For progression, aim to add either weight or reps each week. A simple method: once you hit the upper end of the rep range for a given exercise in all sets, increase the weight the next session. For Squat and Deadlift, add 10 lbs each time until you plateau, then reduce to 5 lbs increments. For Bench Press and OHP, aim to add 5 lbs each session. For accessory lifts, increase in the smallest possible increment.","['Advanced', 'Intermediate']","['Powerlifting', 'Powerbuilding']",Full Gym,12.0,90.0,3.0,2.0,6.0,Leg Extension,3.0,10.0,8.0,2024-11-18 11:11:00,2025-06-29 06:04:00
Optimized PHUL (Power Hypertrophy Upper Lower),"The goal of these revisions is to make the PHUL program more beginner-friendly by slightly altering exercise selection and rearranging the lower body days to better support recovery and sustainability. With proper attention to diet and recovery, athletes of all levels should see noticeable gains in strength and hypertrophy.

Deadlifts moved to the Lower Hypertrophy Day to optimize recovery.

Exercise order has been adjusted to accommodate this change, and calf volume has been slightly reduced.

Front squats have been replaced with Hack Squats for a better quad stimulus with less overall fatigue and a more manageable movement pattern.

Ab work has been added to each lower body day, which is optional but recommended for balanced core development.

For progression, aim to add either weight or reps each week. A simple method: once you hit the upper end of the rep range for a given exercise in all sets, increase the weight the next session. For Squat and Deadlift, add 10 lbs each time until you plateau, then reduce to 5 lbs increments. For Bench Press and OHP, aim to add 5 lbs each session. For accessory lifts, increase in the smallest possible increment.","['Advanced', 'Intermediate']","['Powerlifting', 'Powerbuilding']",Full Gym,12.0,90.0,3.0,2.0,6.0,Seated Calf Raise,4.0,9.0,8.0,2024-11-18 11:11:00,2025-06-29 06:04:00
Optimized PHUL (Power Hypertrophy Upper Lower),"The goal of these revisions is to make the PHUL program more beginner-friendly by slightly altering exercise selection and rearranging the lower body days to better support recovery and sustainability. With proper attention to diet and recovery, athletes of all levels should see noticeable gains in strength and hypertrophy.

Deadlifts moved to the Lower Hypertrophy Day to optimize recovery.

Exercise order has been adjusted to accommodate this change, and calf volume has been slightly reduced.

Front squats have been replaced with Hack Squats for a better quad stimulus with less overall fatigue and a more manageable movement pattern.

Ab work has been added to each lower body day, which is optional but recommended for balanced core development.

For progression, aim to add either weight or reps each week. A simple method: once you hit the upper end of the rep range for a given exercise in all sets, increase the weight the next session. For Squat and Deadlift, add 10 lbs each time until you plateau, then reduce to 5 lbs increments. For Bench Press and OHP, aim to add 5 lbs each session. For accessory lifts, increase in the smallest possible increment.","['Advanced', 'Intermediate']","['Powerlifting', 'Powerbuilding']",Full Gym,12.0,90.0,3.0,2.0,6.0,Abs Crunch (Machine),4.0,10.0,8.0,2024-11-18 11:11:00,2025-06-29 06:04:00
Optimized PHUL (Power Hypertrophy Upper Lower),"The goal of these revisions is to make the PHUL program more beginner-friendly by slightly altering exercise selection and rearranging the lower body days to better support recovery and sustainability. With proper attention to diet and recovery, athletes of all levels should see noticeable gains in strength and hypertrophy.

Deadlifts moved to the Lower Hypertrophy Day to optimize recovery.

Exercise order has been adjusted to accommodate this change, and calf volume has been slightly reduced.

Front squats have been replaced with Hack Squats for a better quad stimulus with less overall fatigue and a more manageable movement pattern.

Ab work has been added to each lower body day, which is optional but recommended for balanced core development.

For progression, aim to add either weight or reps each week. A simple method: once you hit the upper end of the rep range for a given exercise in all sets, increase the weight the next session. For Squat and Deadlift, add 10 lbs each time until you plateau, then reduce to 5 lbs increments. For Bench Press and OHP, aim to add 5 lbs each session. For accessory lifts, increase in the smallest possible increment.","['Advanced', 'Intermediate']","['Powerlifting', 'Powerbuilding']",Full Gym,12.0,90.0,3.0,3.0,7.0,Incline Bench Press (Barbell),3.0,12.0,8.0,2024-11-18 11:11:00,2025-06-29 06:04:00
Optimized PHUL (Power Hypertrophy Upper Lower),"The goal of these revisions is to make the PHUL program more beginner-friendly by slightly altering exercise selection and rearranging the lower body days to better support recovery and sustainability. With proper attention to diet and recovery, athletes of all levels should see noticeable gains in strength and hypertrophy.

Deadlifts moved to the Lower Hypertrophy Day to optimize recovery.

Exercise order has been adjusted to accommodate this change, and calf volume has been slightly reduced.

Front squats have been replaced with Hack Squats for a better quad stimulus with less overall fatigue and a more manageable movement pattern.

Ab work has been added to each lower body day, which is optional but recommended for balanced core development.

For progression, aim to add either weight or reps each week. A simple method: once you hit the upper end of the rep range for a given exercise in all sets, increase the weight the next session. For Squat and Deadlift, add 10 lbs each time until you plateau, then reduce to 5 lbs increments. For Bench Press and OHP, aim to add 5 lbs each session. For accessory lifts, increase in the smallest possible increment.","['Advanced', 'Intermediate']","['Powerlifting', 'Powerbuilding']",Full Gym,12.0,90.0,3.0,3.0,7.0,Chest Fly (Machine),3.0,20.0,10.0,2024-11-18 11:11:00,2025-06-29 06:04:00
Optimized PHUL (Power Hypertrophy Upper Lower),"The goal of these revisions is to make the PHUL program more beginner-friendly by slightly altering exercise selection and rearranging the lower body days to better support recovery and sustainability. With proper attention to diet and recovery, athletes of all levels should see noticeable gains in strength and hypertrophy.

Deadlifts moved to the Lower Hypertrophy Day to optimize recovery.

Exercise order has been adjusted to accommodate this change, and calf volume has been slightly reduced.

Front squats have been replaced with Hack Squats for a better quad stimulus with less overall fatigue and a more manageable movement pattern.

Ab work has been added to each lower body day, which is optional but recommended for balanced core development.

For progression, aim to add either weight or reps each week. A simple method: once you hit the upper end of the rep range for a given exercise in all sets, increase the weight the next session. For Squat and Deadlift, add 10 lbs each time until you plateau, then reduce to 5 lbs increments. For Bench Press and OHP, aim to add 5 lbs each session. For accessory lifts, increase in the smallest possible increment.","['Advanced', 'Intermediate']","['Powerlifting', 'Powerbuilding']",Full Gym,12.0,90.0,3.0,3.0,7.0,Seated Row (Cable),3.0,5.0,8.0,2024-11-18 11:11:00,2025-06-29 06:04:00
Optimized PHUL (Power Hypertrophy Upper Lower),"The goal of these revisions is to make the PHUL program more beginner-friendly by slightly altering exercise selection and rearranging the lower body days to better support recovery and sustainability. With proper attention to diet and recovery, athletes of all levels should see noticeable gains in strength and hypertrophy.

Deadlifts moved to the Lower Hypertrophy Day to optimize recovery.

Exercise order has been adjusted to accommodate this change, and calf volume has been slightly reduced.

Front squats have been replaced with Hack Squats for a better quad stimulus with less overall fatigue and a more manageable movement pattern.

Ab work has been added to each lower body day, which is optional but recommended for balanced core development.

For progression, aim to add either weight or reps each week. A simple method: once you hit the upper end of the rep range for a given exercise in all sets, increase the weight the next session. For Squat and Deadlift, add 10 lbs each time until you plateau, then reduce to 5 lbs increments. For Bench Press and OHP, aim to add 5 lbs each session. For accessory lifts, increase in the smallest possible increment.","['Advanced', 'Intermediate']","['Powerlifting', 'Powerbuilding']",Full Gym,12.0,90.0,3.0,3.0,7.0,Single Arm Row (Dumbbell),3.0,10.0,8.0,2024-11-18 11:11:00,2025-06-29 06:04:00
Optimized PHUL (Power Hypertrophy Upper Lower),"The goal of these revisions is to make the PHUL program more beginner-friendly by slightly altering exercise selection and rearranging the lower body days to better support recovery and sustainability. With proper attention to diet and recovery, athletes of all levels should see noticeable gains in strength and hypertrophy.

Deadlifts moved to the Lower Hypertrophy Day to optimize recovery.

Exercise order has been adjusted to accommodate this change, and calf volume has been slightly reduced.

Front squats have been replaced with Hack Squats for a better quad stimulus with less overall fatigue and a more manageable movement pattern.

Ab work has been added to each lower body day, which is optional but recommended for balanced core development.

For progression, aim to add either weight or reps each week. A simple method: once you hit the upper end of the rep range for a given exercise in all sets, increase the weight the next session. For Squat and Deadlift, add 10 lbs each time until you plateau, then reduce to 5 lbs increments. For Bench Press and OHP, aim to add 5 lbs each session. For accessory lifts, increase in the smallest possible increment.","['Advanced', 'Intermediate']","['Powerlifting', 'Powerbuilding']",Full Gym,12.0,90.0,3.0,3.0,7.0,Lateral Raise (Dumbbell),3.0,12.0,9.0,2024-11-18 11:11:00,2025-06-29 06:04:00
Optimized PHUL (Power Hypertrophy Upper Lower),"The goal of these revisions is to make the PHUL program more beginner-friendly by slightly altering exercise selection and rearranging the lower body days to better support recovery and sustainability. With proper attention to diet and recovery, athletes of all levels should see noticeable gains in strength and hypertrophy.

Deadlifts moved to the Lower Hypertrophy Day to optimize recovery.

Exercise order has been adjusted to accommodate this change, and calf volume has been slightly reduced.

Front squats have been replaced with Hack Squats for a better quad stimulus with less overall fatigue and a more manageable movement pattern.

Ab work has been added to each lower body day, which is optional but recommended for balanced core development.

For progression, aim to add either weight or reps each week. A simple method: once you hit the upper end of the rep range for a given exercise in all sets, increase the weight the next session. For Squat and Deadlift, add 10 lbs each time until you plateau, then reduce to 5 lbs increments. For Bench Press and OHP, aim to add 5 lbs each session. For accessory lifts, increase in the smallest possible increment.","['Advanced', 'Intermediate']","['Powerlifting', 'Powerbuilding']",Full Gym,12.0,90.0,3.0,3.0,7.0,Incline Curl (Dumbbell),3.0,20.0,8.0,2024-11-18 11:11:00,2025-06-29 06:04:00
Optimized PHUL (Power Hypertrophy Upper Lower),"The goal of these revisions is to make the PHUL program more beginner-friendly by slightly altering exercise selection and rearranging the lower body days to better support recovery and sustainability. With proper attention to diet and recovery, athletes of all levels should see noticeable gains in strength and hypertrophy.

Deadlifts moved to the Lower Hypertrophy Day to optimize recovery.

Exercise order has been adjusted to accommodate this change, and calf volume has been slightly reduced.

Front squats have been replaced with Hack Squats for a better quad stimulus with less overall fatigue and a more manageable movement pattern.

Ab work has been added to each lower body day, which is optional but recommended for balanced core development.

For progression, aim to add either weight or reps each week. A simple method: once you hit the upper end of the rep range for a given exercise in all sets, increase the weight the next session. For Squat and Deadlift, add 10 lbs each time until you plateau, then reduce to 5 lbs increments. For Bench Press and OHP, aim to add 5 lbs each session. For accessory lifts, increase in the smallest possible increment.","['Advanced', 'Intermediate']","['Powerlifting', 'Powerbuilding']",Full Gym,12.0,90.0,3.0,3.0,7.0,Tricep Extension (Cable),3.0,-1200.0,8.0,2024-11-18 11:11:00,2025-06-29 06:04:00
Optimized PHUL (Power Hypertrophy Upper Lower),"The goal of these revisions is to make the PHUL program more beginner-friendly by slightly altering exercise selection and rearranging the lower body days to better support recovery and sustainability. With proper attention to diet and recovery, athletes of all levels should see noticeable gains in strength and hypertrophy.

Deadlifts moved to the Lower Hypertrophy Day to optimize recovery.

Exercise order has been adjusted to accommodate this change, and calf volume has been slightly reduced.

Front squats have been replaced with Hack Squats for a better quad stimulus with less overall fatigue and a more manageable movement pattern.

Ab work has been added to each lower body day, which is optional but recommended for balanced core development.

For progression, aim to add either weight or reps each week. A simple method: once you hit the upper end of the rep range for a given exercise in all sets, increase the weight the next session. For Squat and Deadlift, add 10 lbs each time until you plateau, then reduce to 5 lbs increments. For Bench Press and OHP, aim to add 5 lbs each session. For accessory lifts, increase in the smallest possible increment.","['Advanced', 'Intermediate']","['Powerlifting', 'Powerbuilding']",Full Gym,12.0,90.0,3.0,4.0,6.0,Deadlift (Barbell),3.0,5.0,8.0,2024-11-18 11:11:00,2025-06-29 06:04:00
Optimized PHUL (Power Hypertrophy Upper Lower),"The goal of these revisions is to make the PHUL program more beginner-friendly by slightly altering exercise selection and rearranging the lower body days to better support recovery and sustainability. With proper attention to diet and recovery, athletes of all levels should see noticeable gains in strength and hypertrophy.

Deadlifts moved to the Lower Hypertrophy Day to optimize recovery.

Exercise order has been adjusted to accommodate this change, and calf volume has been slightly reduced.

Front squats have been replaced with Hack Squats for a better quad stimulus with less overall fatigue and a more manageable movement pattern.

Ab work has been added to each lower body day, which is optional but recommended for balanced core development.

For progression, aim to add either weight or reps each week. A simple method: once you hit the upper end of the rep range for a given exercise in all sets, increase the weight the next session. For Squat and Deadlift, add 10 lbs each time until you plateau, then reduce to 5 lbs increments. For Bench Press and OHP, aim to add 5 lbs each session. For accessory lifts, increase in the smallest possible increment.","['Advanced', 'Intermediate']","['Powerlifting', 'Powerbuilding']",Full Gym,12.0,90.0,3.0,4.0,6.0,Hack Squat,3.0,9.0,8.0,2024-11-18 11:11:00,2025-06-29 06:04:00
Optimized PHUL (Power Hypertrophy Upper Lower),"The goal of these revisions is to make the PHUL program more beginner-friendly by slightly altering exercise selection and rearranging the lower body days to better support recovery and sustainability. With proper attention to diet and recovery, athletes of all levels should see noticeable gains in strength and hypertrophy.

Deadlifts moved to the Lower Hypertrophy Day to optimize recovery.

Exercise order has been adjusted to accommodate this change, and calf volume has been slightly reduced.

Front squats have been replaced with Hack Squats for a better quad stimulus with less overall fatigue and a more manageable movement pattern.

Ab work has been added to each lower body day, which is optional but recommended for balanced core development.

For progression, aim to add either weight or reps each week. A simple method: once you hit the upper end of the rep range for a given exercise in all sets, increase the weight the next session. For Squat and Deadlift, add 10 lbs each time until you plateau, then reduce to 5 lbs increments. For Bench Press and OHP, aim to add 5 lbs each session. For accessory lifts, increase in the smallest possible increment.","['Advanced', 'Intermediate']","['Powerlifting', 'Powerbuilding']",Full Gym,12.0,90.0,3.0,4.0,6.0,Reverse Lunge (Barbell),3.0,12.0,8.0,2024-11-18 11:11:00,2025-06-29 06:04:00
Optimized PHUL (Power Hypertrophy Upper Lower),"The goal of these revisions is to make the PHUL program more beginner-friendly by slightly altering exercise selection and rearranging the lower body days to better support recovery and sustainability. With proper attention to diet and recovery, athletes of all levels should see noticeable gains in strength and hypertrophy.

Deadlifts moved to the Lower Hypertrophy Day to optimize recovery.

Exercise order has been adjusted to accommodate this change, and calf volume has been slightly reduced.

Front squats have been replaced with Hack Squats for a better quad stimulus with less overall fatigue and a more manageable movement pattern.

Ab work has been added to each lower body day, which is optional but recommended for balanced core development.

For progression, aim to add either weight or reps each week. A simple method: once you hit the upper end of the rep range for a given exercise in all sets, increase the weight the next session. For Squat and Deadlift, add 10 lbs each time until you plateau, then reduce to 5 lbs increments. For Bench Press and OHP, aim to add 5 lbs each session. For accessory lifts, increase in the smallest possible increment.","['Advanced', 'Intermediate']","['Powerlifting', 'Powerbuilding']",Full Gym,12.0,90.0,3.0,4.0,6.0,Seated Hamstring Curl,3.0,12.0,9.0,2024-11-18 11:11:00,2025-06-29 06:04:00
Optimized PHUL (Power Hypertrophy Upper Lower),"The goal of these revisions is to make the PHUL program more beginner-friendly by slightly altering exercise selection and rearranging the lower body days to better support recovery and sustainability. With proper attention to diet and recovery, athletes of all levels should see noticeable gains in strength and hypertrophy.

Deadlifts moved to the Lower Hypertrophy Day to optimize recovery.

Exercise order has been adjusted to accommodate this change, and calf volume has been slightly reduced.

Front squats have been replaced with Hack Squats for a better quad stimulus with less overall fatigue and a more manageable movement pattern.

Ab work has been added to each lower body day, which is optional but recommended for balanced core development.

For progression, aim to add either weight or reps each week. A simple method: once you hit the upper end of the rep range for a given exercise in all sets, increase the weight the next session. For Squat and Deadlift, add 10 lbs each time until you plateau, then reduce to 5 lbs increments. For Bench Press and OHP, aim to add 5 lbs each session. For accessory lifts, increase in the smallest possible increment.","['Advanced', 'Intermediate']","['Powerlifting', 'Powerbuilding']",Full Gym,12.0,90.0,3.0,4.0,6.0,Standing Calf Raise,4.0,10.0,8.0,2024-11-18 11:11:00,2025-06-29 06:04:00
Optimized PHUL (Power Hypertrophy Upper Lower),"The goal of these revisions is to make the PHUL program more beginner-friendly by slightly altering exercise selection and rearranging the lower body days to better support recovery and sustainability. With proper attention to diet and recovery, athletes of all levels should see noticeable gains in strength and hypertrophy.

Deadlifts moved to the Lower Hypertrophy Day to optimize recovery.

Exercise order has been adjusted to accommodate this change, and calf volume has been slightly reduced.

Front squats have been replaced with Hack Squats for a better quad stimulus with less overall fatigue and a more manageable movement pattern.

Ab work has been added to each lower body day, which is optional but recommended for balanced core development.

For progression, aim to add either weight or reps each week. A simple method: once you hit the upper end of the rep range for a given exercise in all sets, increase the weight the next session. For Squat and Deadlift, add 10 lbs each time until you plateau, then reduce to 5 lbs increments. For Bench Press and OHP, aim to add 5 lbs each session. For accessory lifts, increase in the smallest possible increment.","['Advanced', 'Intermediate']","['Powerlifting', 'Powerbuilding']",Full Gym,12.0,90.0,3.0,4.0,6.0,Abs Crunch (Machine),4.0,6.0,8.0,2024-11-18 11:11:00,2025-06-29 06:04:00
Optimized PHUL (Power Hypertrophy Upper Lower),"The goal of these revisions is to make the PHUL program more beginner-friendly by slightly altering exercise selection and rearranging the lower body days to better support recovery and sustainability. With proper attention to diet and recovery, athletes of all levels should see noticeable gains in strength and hypertrophy.

Deadlifts moved to the Lower Hypertrophy Day to optimize recovery.

Exercise order has been adjusted to accommodate this change, and calf volume has been slightly reduced.

Front squats have been replaced with Hack Squats for a better quad stimulus with less overall fatigue and a more manageable movement pattern.

Ab work has been added to each lower body day, which is optional but recommended for balanced core development.

For progression, aim to add either weight or reps each week. A simple method: once you hit the upper end of the rep range for a given exercise in all sets, increase the weight the next session. For Squat and Deadlift, add 10 lbs each time until you plateau, then reduce to 5 lbs increments. For Bench Press and OHP, aim to add 5 lbs each session. For accessory lifts, increase in the smallest possible increment.","['Advanced', 'Intermediate']","['Powerlifting', 'Powerbuilding']",Full Gym,12.0,90.0,4.0,1.0,7.0,Bench Press (Barbell),3.0,10.0,9.0,2024-11-18 11:11:00,2025-06-29 06:04:00
Optimized PHUL (Power Hypertrophy Upper Lower),"The goal of these revisions is to make the PHUL program more beginner-friendly by slightly altering exercise selection and rearranging the lower body days to better support recovery and sustainability. With proper attention to diet and recovery, athletes of all levels should see noticeable gains in strength and hypertrophy.

Deadlifts moved to the Lower Hypertrophy Day to optimize recovery.

Exercise order has been adjusted to accommodate this change, and calf volume has been slightly reduced.

Front squats have been replaced with Hack Squats for a better quad stimulus with less overall fatigue and a more manageable movement pattern.

Ab work has been added to each lower body day, which is optional but recommended for balanced core development.

For progression, aim to add either weight or reps each week. A simple method: once you hit the upper end of the rep range for a given exercise in all sets, increase the weight the next session. For Squat and Deadlift, add 10 lbs each time until you plateau, then reduce to 5 lbs increments. For Bench Press and OHP, aim to add 5 lbs each session. For accessory lifts, increase in the smallest possible increment.","['Advanced', 'Intermediate']","['Powerlifting', 'Powerbuilding']",Full Gym,12.0,90.0,4.0,1.0,7.0,Incline Chest Press (Machine),3.0,20.0,8.0,2024-11-18 11:11:00,2025-06-29 06:04:00
Optimized PHUL (Power Hypertrophy Upper Lower),"The goal of these revisions is to make the PHUL program more beginner-friendly by slightly altering exercise selection and rearranging the lower body days to better support recovery and sustainability. With proper attention to diet and recovery, athletes of all levels should see noticeable gains in strength and hypertrophy.

Deadlifts moved to the Lower Hypertrophy Day to optimize recovery.

Exercise order has been adjusted to accommodate this change, and calf volume has been slightly reduced.

Front squats have been replaced with Hack Squats for a better quad stimulus with less overall fatigue and a more manageable movement pattern.

Ab work has been added to each lower body day, which is optional but recommended for balanced core development.

For progression, aim to add either weight or reps each week. A simple method: once you hit the upper end of the rep range for a given exercise in all sets, increase the weight the next session. For Squat and Deadlift, add 10 lbs each time until you plateau, then reduce to 5 lbs increments. For Bench Press and OHP, aim to add 5 lbs each session. For accessory lifts, increase in the smallest possible increment.","['Advanced', 'Intermediate']","['Powerlifting', 'Powerbuilding']",Full Gym,12.0,90.0,4.0,1.0,7.0,Bent Over Row (Barbell),3.0,15.0,8.0,2024-11-18 11:11:00,2025-06-29 06:04:00
Optimized PHUL (Power Hypertrophy Upper Lower),"The goal of these revisions is to make the PHUL program more beginner-friendly by slightly altering exercise selection and rearranging the lower body days to better support recovery and sustainability. With proper attention to diet and recovery, athletes of all levels should see noticeable gains in strength and hypertrophy.

Deadlifts moved to the Lower Hypertrophy Day to optimize recovery.

Exercise order has been adjusted to accommodate this change, and calf volume has been slightly reduced.

Front squats have been replaced with Hack Squats for a better quad stimulus with less overall fatigue and a more manageable movement pattern.

Ab work has been added to each lower body day, which is optional but recommended for balanced core development.

For progression, aim to add either weight or reps each week. A simple method: once you hit the upper end of the rep range for a given exercise in all sets, increase the weight the next session. For Squat and Deadlift, add 10 lbs each time until you plateau, then reduce to 5 lbs increments. For Bench Press and OHP, aim to add 5 lbs each session. For accessory lifts, increase in the smallest possible increment.","['Advanced', 'Intermediate']","['Powerlifting', 'Powerbuilding']",Full Gym,12.0,90.0,4.0,1.0,7.0,Lat Pulldown,3.0,-900.0,8.0,2024-11-18 11:11:00,2025-06-29 06:04:00
Optimized PHUL (Power Hypertrophy Upper Lower),"The goal of these revisions is to make the PHUL program more beginner-friendly by slightly altering exercise selection and rearranging the lower body days to better support recovery and sustainability. With proper attention to diet and recovery, athletes of all levels should see noticeable gains in strength and hypertrophy.

Deadlifts moved to the Lower Hypertrophy Day to optimize recovery.

Exercise order has been adjusted to accommodate this change, and calf volume has been slightly reduced.

Front squats have been replaced with Hack Squats for a better quad stimulus with less overall fatigue and a more manageable movement pattern.

Ab work has been added to each lower body day, which is optional but recommended for balanced core development.

For progression, aim to add either weight or reps each week. A simple method: once you hit the upper end of the rep range for a given exercise in all sets, increase the weight the next session. For Squat and Deadlift, add 10 lbs each time until you plateau, then reduce to 5 lbs increments. For Bench Press and OHP, aim to add 5 lbs each session. For accessory lifts, increase in the smallest possible increment.","['Advanced', 'Intermediate']","['Powerlifting', 'Powerbuilding']",Full Gym,12.0,90.0,4.0,1.0,7.0,Overhead Press (Barbell),3.0,10.0,8.0,2024-11-18 11:11:00,2025-06-29 06:04:00
Optimized PHUL (Power Hypertrophy Upper Lower),"The goal of these revisions is to make the PHUL program more beginner-friendly by slightly altering exercise selection and rearranging the lower body days to better support recovery and sustainability. With proper attention to diet and recovery, athletes of all levels should see noticeable gains in strength and hypertrophy.

Deadlifts moved to the Lower Hypertrophy Day to optimize recovery.

Exercise order has been adjusted to accommodate this change, and calf volume has been slightly reduced.

Front squats have been replaced with Hack Squats for a better quad stimulus with less overall fatigue and a more manageable movement pattern.

Ab work has been added to each lower body day, which is optional but recommended for balanced core development.

For progression, aim to add either weight or reps each week. A simple method: once you hit the upper end of the rep range for a given exercise in all sets, increase the weight the next session. For Squat and Deadlift, add 10 lbs each time until you plateau, then reduce to 5 lbs increments. For Bench Press and OHP, aim to add 5 lbs each session. For accessory lifts, increase in the smallest possible increment.","['Advanced', 'Intermediate']","['Powerlifting', 'Powerbuilding']",Full Gym,12.0,90.0,4.0,1.0,7.0,Bicep Curl (EZ Bar),3.0,9.0,8.0,2024-11-18 11:11:00,2025-06-29 06:04:00
Optimized PHUL (Power Hypertrophy Upper Lower),"The goal of these revisions is to make the PHUL program more beginner-friendly by slightly altering exercise selection and rearranging the lower body days to better support recovery and sustainability. With proper attention to diet and recovery, athletes of all levels should see noticeable gains in strength and hypertrophy.

Deadlifts moved to the Lower Hypertrophy Day to optimize recovery.

Exercise order has been adjusted to accommodate this change, and calf volume has been slightly reduced.

Front squats have been replaced with Hack Squats for a better quad stimulus with less overall fatigue and a more manageable movement pattern.

Ab work has been added to each lower body day, which is optional but recommended for balanced core development.

For progression, aim to add either weight or reps each week. A simple method: once you hit the upper end of the rep range for a given exercise in all sets, increase the weight the next session. For Squat and Deadlift, add 10 lbs each time until you plateau, then reduce to 5 lbs increments. For Bench Press and OHP, aim to add 5 lbs each session. For accessory lifts, increase in the smallest possible increment.","['Advanced', 'Intermediate']","['Powerlifting', 'Powerbuilding']",Full Gym,12.0,90.0,4.0,1.0,7.0,Skull Crusher (Barbell),3.0,10.0,8.0,2024-11-18 11:11:00,2025-06-29 06:04:00
Optimized PHUL (Power Hypertrophy Upper Lower),"The goal of these revisions is to make the PHUL program more beginner-friendly by slightly altering exercise selection and rearranging the lower body days to better support recovery and sustainability. With proper attention to diet and recovery, athletes of all levels should see noticeable gains in strength and hypertrophy.

Deadlifts moved to the Lower Hypertrophy Day to optimize recovery.

Exercise order has been adjusted to accommodate this change, and calf volume has been slightly reduced.

Front squats have been replaced with Hack Squats for a better quad stimulus with less overall fatigue and a more manageable movement pattern.

Ab work has been added to each lower body day, which is optional but recommended for balanced core development.

For progression, aim to add either weight or reps each week. A simple method: once you hit the upper end of the rep range for a given exercise in all sets, increase the weight the next session. For Squat and Deadlift, add 10 lbs each time until you plateau, then reduce to 5 lbs increments. For Bench Press and OHP, aim to add 5 lbs each session. For accessory lifts, increase in the smallest possible increment.","['Advanced', 'Intermediate']","['Powerlifting', 'Powerbuilding']",Full Gym,12.0,90.0,4.0,2.0,6.0,Squat (Barbell),3.0,12.0,8.0,2024-11-18 11:11:00,2025-06-29 06:04:00
Optimized PHUL (Power Hypertrophy Upper Lower),"The goal of these revisions is to make the PHUL program more beginner-friendly by slightly altering exercise selection and rearranging the lower body days to better support recovery and sustainability. With proper attention to diet and recovery, athletes of all levels should see noticeable gains in strength and hypertrophy.

Deadlifts moved to the Lower Hypertrophy Day to optimize recovery.

Exercise order has been adjusted to accommodate this change, and calf volume has been slightly reduced.

Front squats have been replaced with Hack Squats for a better quad stimulus with less overall fatigue and a more manageable movement pattern.

Ab work has been added to each lower body day, which is optional but recommended for balanced core development.

For progression, aim to add either weight or reps each week. A simple method: once you hit the upper end of the rep range for a given exercise in all sets, increase the weight the next session. For Squat and Deadlift, add 10 lbs each time until you plateau, then reduce to 5 lbs increments. For Bench Press and OHP, aim to add 5 lbs each session. For accessory lifts, increase in the smallest possible increment.","['Advanced', 'Intermediate']","['Powerlifting', 'Powerbuilding']",Full Gym,12.0,90.0,4.0,2.0,6.0,Leg Press,3.0,20.0,8.0,2024-11-18 11:11:00,2025-06-29 06:04:00
Optimized PHUL (Power Hypertrophy Upper Lower),"The goal of these revisions is to make the PHUL program more beginner-friendly by slightly altering exercise selection and rearranging the lower body days to better support recovery and sustainability. With proper attention to diet and recovery, athletes of all levels should see noticeable gains in strength and hypertrophy.

Deadlifts moved to the Lower Hypertrophy Day to optimize recovery.

Exercise order has been adjusted to accommodate this change, and calf volume has been slightly reduced.

Front squats have been replaced with Hack Squats for a better quad stimulus with less overall fatigue and a more manageable movement pattern.

Ab work has been added to each lower body day, which is optional but recommended for balanced core development.

For progression, aim to add either weight or reps each week. A simple method: once you hit the upper end of the rep range for a given exercise in all sets, increase the weight the next session. For Squat and Deadlift, add 10 lbs each time until you plateau, then reduce to 5 lbs increments. For Bench Press and OHP, aim to add 5 lbs each session. For accessory lifts, increase in the smallest possible increment.","['Advanced', 'Intermediate']","['Powerlifting', 'Powerbuilding']",Full Gym,12.0,90.0,4.0,2.0,6.0,Seated Hamstring Curl,3.0,5.0,8.0,2024-11-18 11:11:00,2025-06-29 06:04:00
Optimized PHUL (Power Hypertrophy Upper Lower),"The goal of these revisions is to make the PHUL program more beginner-friendly by slightly altering exercise selection and rearranging the lower body days to better support recovery and sustainability. With proper attention to diet and recovery, athletes of all levels should see noticeable gains in strength and hypertrophy.

Deadlifts moved to the Lower Hypertrophy Day to optimize recovery.

Exercise order has been adjusted to accommodate this change, and calf volume has been slightly reduced.

Front squats have been replaced with Hack Squats for a better quad stimulus with less overall fatigue and a more manageable movement pattern.

Ab work has been added to each lower body day, which is optional but recommended for balanced core development.

For progression, aim to add either weight or reps each week. A simple method: once you hit the upper end of the rep range for a given exercise in all sets, increase the weight the next session. For Squat and Deadlift, add 10 lbs each time until you plateau, then reduce to 5 lbs increments. For Bench Press and OHP, aim to add 5 lbs each session. For accessory lifts, increase in the smallest possible increment.","['Advanced', 'Intermediate']","['Powerlifting', 'Powerbuilding']",Full Gym,12.0,90.0,4.0,2.0,6.0,Leg Extension,3.0,10.0,8.0,2024-11-18 11:11:00,2025-06-29 06:04:00
Optimized PHUL (Power Hypertrophy Upper Lower),"The goal of these revisions is to make the PHUL program more beginner-friendly by slightly altering exercise selection and rearranging the lower body days to better support recovery and sustainability. With proper attention to diet and recovery, athletes of all levels should see noticeable gains in strength and hypertrophy.

Deadlifts moved to the Lower Hypertrophy Day to optimize recovery.

Exercise order has been adjusted to accommodate this change, and calf volume has been slightly reduced.

Front squats have been replaced with Hack Squats for a better quad stimulus with less overall fatigue and a more manageable movement pattern.

Ab work has been added to each lower body day, which is optional but recommended for balanced core development.

For progression, aim to add either weight or reps each week. A simple method: once you hit the upper end of the rep range for a given exercise in all sets, increase the weight the next session. For Squat and Deadlift, add 10 lbs each time until you plateau, then reduce to 5 lbs increments. For Bench Press and OHP, aim to add 5 lbs each session. For accessory lifts, increase in the smallest possible increment.","['Advanced', 'Intermediate']","['Powerlifting', 'Powerbuilding']",Full Gym,12.0,90.0,4.0,2.0,6.0,Seated Calf Raise,4.0,12.0,10.0,2024-11-18 11:11:00,2025-06-29 06:04:00
Optimized PHUL (Power Hypertrophy Upper Lower),"The goal of these revisions is to make the PHUL program more beginner-friendly by slightly altering exercise selection and rearranging the lower body days to better support recovery and sustainability. With proper attention to diet and recovery, athletes of all levels should see noticeable gains in strength and hypertrophy.

Deadlifts moved to the Lower Hypertrophy Day to optimize recovery.

Exercise order has been adjusted to accommodate this change, and calf volume has been slightly reduced.

Front squats have been replaced with Hack Squats for a better quad stimulus with less overall fatigue and a more manageable movement pattern.

Ab work has been added to each lower body day, which is optional but recommended for balanced core development.

For progression, aim to add either weight or reps each week. A simple method: once you hit the upper end of the rep range for a given exercise in all sets, increase the weight the next session. For Squat and Deadlift, add 10 lbs each time until you plateau, then reduce to 5 lbs increments. For Bench Press and OHP, aim to add 5 lbs each session. For accessory lifts, increase in the smallest possible increment.","['Advanced', 'Intermediate']","['Powerlifting', 'Powerbuilding']",Full Gym,12.0,90.0,4.0,2.0,6.0,Abs Crunch (Machine),4.0,20.0,8.0,2024-11-18 11:11:00,2025-06-29 06:04:00
Optimized PHUL (Power Hypertrophy Upper Lower),"The goal of these revisions is to make the PHUL program more beginner-friendly by slightly altering exercise selection and rearranging the lower body days to better support recovery and sustainability. With proper attention to diet and recovery, athletes of all levels should see noticeable gains in strength and hypertrophy.

Deadlifts moved to the Lower Hypertrophy Day to optimize recovery.

Exercise order has been adjusted to accommodate this change, and calf volume has been slightly reduced.

Front squats have been replaced with Hack Squats for a better quad stimulus with less overall fatigue and a more manageable movement pattern.

Ab work has been added to each lower body day, which is optional but recommended for balanced core development.

For progression, aim to add either weight or reps each week. A simple method: once you hit the upper end of the rep range for a given exercise in all sets, increase the weight the next session. For Squat and Deadlift, add 10 lbs each time until you plateau, then reduce to 5 lbs increments. For Bench Press and OHP, aim to add 5 lbs each session. For accessory lifts, increase in the smallest possible increment.","['Advanced', 'Intermediate']","['Powerlifting', 'Powerbuilding']",Full Gym,12.0,90.0,4.0,3.0,7.0,Incline Bench Press (Barbell),3.0,-1200.0,8.0,2024-11-18 11:11:00,2025-06-29 06:04:00
Optimized PHUL (Power Hypertrophy Upper Lower),"The goal of these revisions is to make the PHUL program more beginner-friendly by slightly altering exercise selection and rearranging the lower body days to better support recovery and sustainability. With proper attention to diet and recovery, athletes of all levels should see noticeable gains in strength and hypertrophy.

Deadlifts moved to the Lower Hypertrophy Day to optimize recovery.

Exercise order has been adjusted to accommodate this change, and calf volume has been slightly reduced.

Front squats have been replaced with Hack Squats for a better quad stimulus with less overall fatigue and a more manageable movement pattern.

Ab work has been added to each lower body day, which is optional but recommended for balanced core development.

For progression, aim to add either weight or reps each week. A simple method: once you hit the upper end of the rep range for a given exercise in all sets, increase the weight the next session. For Squat and Deadlift, add 10 lbs each time until you plateau, then reduce to 5 lbs increments. For Bench Press and OHP, aim to add 5 lbs each session. For accessory lifts, increase in the smallest possible increment.","['Advanced', 'Intermediate']","['Powerlifting', 'Powerbuilding']",Full Gym,12.0,90.0,4.0,3.0,7.0,Chest Fly (Machine),3.0,5.0,9.0,2024-11-18 11:11:00,2025-06-29 06:04:00
Optimized PHUL (Power Hypertrophy Upper Lower),"The goal of these revisions is to make the PHUL program more beginner-friendly by slightly altering exercise selection and rearranging the lower body days to better support recovery and sustainability. With proper attention to diet and recovery, athletes of all levels should see noticeable gains in strength and hypertrophy.

Deadlifts moved to the Lower Hypertrophy Day to optimize recovery.

Exercise order has been adjusted to accommodate this change, and calf volume has been slightly reduced.

Front squats have been replaced with Hack Squats for a better quad stimulus with less overall fatigue and a more manageable movement pattern.

Ab work has been added to each lower body day, which is optional but recommended for balanced core development.

For progression, aim to add either weight or reps each week. A simple method: once you hit the upper end of the rep range for a given exercise in all sets, increase the weight the next session. For Squat and Deadlift, add 10 lbs each time until you plateau, then reduce to 5 lbs increments. For Bench Press and OHP, aim to add 5 lbs each session. For accessory lifts, increase in the smallest possible increment.","['Advanced', 'Intermediate']","['Powerlifting', 'Powerbuilding']",Full Gym,12.0,90.0,4.0,3.0,7.0,Seated Row (Cable),3.0,9.0,8.0,2024-11-18 11:11:00,2025-06-29 06:04:00
Optimized PHUL (Power Hypertrophy Upper Lower),"The goal of these revisions is to make the PHUL program more beginner-friendly by slightly altering exercise selection and rearranging the lower body days to better support recovery and sustainability. With proper attention to diet and recovery, athletes of all levels should see noticeable gains in strength and hypertrophy.

Deadlifts moved to the Lower Hypertrophy Day to optimize recovery.

Exercise order has been adjusted to accommodate this change, and calf volume has been slightly reduced.

Front squats have been replaced with Hack Squats for a better quad stimulus with less overall fatigue and a more manageable movement pattern.

Ab work has been added to each lower body day, which is optional but recommended for balanced core development.

For progression, aim to add either weight or reps each week. A simple method: once you hit the upper end of the rep range for a given exercise in all sets, increase the weight the next session. For Squat and Deadlift, add 10 lbs each time until you plateau, then reduce to 5 lbs increments. For Bench Press and OHP, aim to add 5 lbs each session. For accessory lifts, increase in the smallest possible increment.","['Advanced', 'Intermediate']","['Powerlifting', 'Powerbuilding']",Full Gym,12.0,90.0,4.0,3.0,7.0,Single Arm Row (Dumbbell),3.0,12.0,8.0,2024-11-18 11:11:00,2025-06-29 06:04:00
Optimized PHUL (Power Hypertrophy Upper Lower),"The goal of these revisions is to make the PHUL program more beginner-friendly by slightly altering exercise selection and rearranging the lower body days to better support recovery and sustainability. With proper attention to diet and recovery, athletes of all levels should see noticeable gains in strength and hypertrophy.

Deadlifts moved to the Lower Hypertrophy Day to optimize recovery.

Exercise order has been adjusted to accommodate this change, and calf volume has been slightly reduced.

Front squats have been replaced with Hack Squats for a better quad stimulus with less overall fatigue and a more manageable movement pattern.

Ab work has been added to each lower body day, which is optional but recommended for balanced core development.

For progression, aim to add either weight or reps each week. A simple method: once you hit the upper end of the rep range for a given exercise in all sets, increase the weight the next session. For Squat and Deadlift, add 10 lbs each time until you plateau, then reduce to 5 lbs increments. For Bench Press and OHP, aim to add 5 lbs each session. For accessory lifts, increase in the smallest possible increment.","['Advanced', 'Intermediate']","['Powerlifting', 'Powerbuilding']",Full Gym,12.0,90.0,4.0,3.0,7.0,Lateral Raise (Dumbbell),3.0,12.0,8.0,2024-11-18 11:11:00,2025-06-29 06:04:00
Optimized PHUL (Power Hypertrophy Upper Lower),"The goal of these revisions is to make the PHUL program more beginner-friendly by slightly altering exercise selection and rearranging the lower body days to better support recovery and sustainability. With proper attention to diet and recovery, athletes of all levels should see noticeable gains in strength and hypertrophy.

Deadlifts moved to the Lower Hypertrophy Day to optimize recovery.

Exercise order has been adjusted to accommodate this change, and calf volume has been slightly reduced.

Front squats have been replaced with Hack Squats for a better quad stimulus with less overall fatigue and a more manageable movement pattern.

Ab work has been added to each lower body day, which is optional but recommended for balanced core development.

For progression, aim to add either weight or reps each week. A simple method: once you hit the upper end of the rep range for a given exercise in all sets, increase the weight the next session. For Squat and Deadlift, add 10 lbs each time until you plateau, then reduce to 5 lbs increments. For Bench Press and OHP, aim to add 5 lbs each session. For accessory lifts, increase in the smallest possible increment.","['Advanced', 'Intermediate']","['Powerlifting', 'Powerbuilding']",Full Gym,12.0,90.0,4.0,3.0,7.0,Incline Curl (Dumbbell),3.0,10.0,8.0,2024-11-18 11:11:00,2025-06-29 06:04:00
Optimized PHUL (Power Hypertrophy Upper Lower),"The goal of these revisions is to make the PHUL program more beginner-friendly by slightly altering exercise selection and rearranging the lower body days to better support recovery and sustainability. With proper attention to diet and recovery, athletes of all levels should see noticeable gains in strength and hypertrophy.

Deadlifts moved to the Lower Hypertrophy Day to optimize recovery.

Exercise order has been adjusted to accommodate this change, and calf volume has been slightly reduced.

Front squats have been replaced with Hack Squats for a better quad stimulus with less overall fatigue and a more manageable movement pattern.

Ab work has been added to each lower body day, which is optional but recommended for balanced core development.

For progression, aim to add either weight or reps each week. A simple method: once you hit the upper end of the rep range for a given exercise in all sets, increase the weight the next session. For Squat and Deadlift, add 10 lbs each time until you plateau, then reduce to 5 lbs increments. For Bench Press and OHP, aim to add 5 lbs each session. For accessory lifts, increase in the smallest possible increment.","['Advanced', 'Intermediate']","['Powerlifting', 'Powerbuilding']",Full Gym,12.0,90.0,4.0,3.0,7.0,Tricep Extension (Cable),3.0,6.0,8.0,2024-11-18 11:11:00,2025-06-29 06:04:00
Optimized PHUL (Power Hypertrophy Upper Lower),"The goal of these revisions is to make the PHUL program more beginner-friendly by slightly altering exercise selection and rearranging the lower body days to better support recovery and sustainability. With proper attention to diet and recovery, athletes of all levels should see noticeable gains in strength and hypertrophy.

Deadlifts moved to the Lower Hypertrophy Day to optimize recovery.

Exercise order has been adjusted to accommodate this change, and calf volume has been slightly reduced.

Front squats have been replaced with Hack Squats for a better quad stimulus with less overall fatigue and a more manageable movement pattern.

Ab work has been added to each lower body day, which is optional but recommended for balanced core development.

For progression, aim to add either weight or reps each week. A simple method: once you hit the upper end of the rep range for a given exercise in all sets, increase the weight the next session. For Squat and Deadlift, add 10 lbs each time until you plateau, then reduce to 5 lbs increments. For Bench Press and OHP, aim to add 5 lbs each session. For accessory lifts, increase in the smallest possible increment.","['Advanced', 'Intermediate']","['Powerlifting', 'Powerbuilding']",Full Gym,12.0,90.0,4.0,4.0,6.0,Deadlift (Barbell),3.0,10.0,9.0,2024-11-18 11:11:00,2025-06-29 06:04:00
Optimized PHUL (Power Hypertrophy Upper Lower),"The goal of these revisions is to make the PHUL program more beginner-friendly by slightly altering exercise selection and rearranging the lower body days to better support recovery and sustainability. With proper attention to diet and recovery, athletes of all levels should see noticeable gains in strength and hypertrophy.

Deadlifts moved to the Lower Hypertrophy Day to optimize recovery.

Exercise order has been adjusted to accommodate this change, and calf volume has been slightly reduced.

Front squats have been replaced with Hack Squats for a better quad stimulus with less overall fatigue and a more manageable movement pattern.

Ab work has been added to each lower body day, which is optional but recommended for balanced core development.

For progression, aim to add either weight or reps each week. A simple method: once you hit the upper end of the rep range for a given exercise in all sets, increase the weight the next session. For Squat and Deadlift, add 10 lbs each time until you plateau, then reduce to 5 lbs increments. For Bench Press and OHP, aim to add 5 lbs each session. For accessory lifts, increase in the smallest possible increment.","['Advanced', 'Intermediate']","['Powerlifting', 'Powerbuilding']",Full Gym,12.0,90.0,4.0,4.0,6.0,Hack Squat,3.0,20.0,8.0,2024-11-18 11:11:00,2025-06-29 06:04:00
Optimized PHUL (Power Hypertrophy Upper Lower),"The goal of these revisions is to make the PHUL program more beginner-friendly by slightly altering exercise selection and rearranging the lower body days to better support recovery and sustainability. With proper attention to diet and recovery, athletes of all levels should see noticeable gains in strength and hypertrophy.

Deadlifts moved to the Lower Hypertrophy Day to optimize recovery.

Exercise order has been adjusted to accommodate this change, and calf volume has been slightly reduced.

Front squats have been replaced with Hack Squats for a better quad stimulus with less overall fatigue and a more manageable movement pattern.

Ab work has been added to each lower body day, which is optional but recommended for balanced core development.

For progression, aim to add either weight or reps each week. A simple method: once you hit the upper end of the rep range for a given exercise in all sets, increase the weight the next session. For Squat and Deadlift, add 10 lbs each time until you plateau, then reduce to 5 lbs increments. For Bench Press and OHP, aim to add 5 lbs each session. For accessory lifts, increase in the smallest possible increment.",[],[],Full Gym,12.0,90.0,4.0,4.0,6.0,Reverse Lunge (Barbell),3.0,15.0,8.0,2024-11-18 11:11:00,2025-06-29 06:04:00
Optimized PHUL (Power Hypertrophy Upper Lower),"The goal of these revisions is to make the PHUL program more beginner-friendly by slightly altering exercise selection and rearranging the lower body days to better support recovery and sustainability. With proper attention to diet and recovery, athletes of all levels should see noticeable gains in strength and hypertrophy.

Deadlifts moved to the Lower Hypertrophy Day to optimize recovery.

Exercise order has been adjusted to accommodate this change, and calf volume has been slightly reduced.

Front squats have been replaced with Hack Squats for a better quad stimulus with less overall fatigue and a more manageable movement pattern.

Ab work has been added to each lower body day, which is optional but recommended for balanced core development.

For progression, aim to add either weight or reps each week. A simple method: once you hit the upper end of the rep range for a given exercise in all sets, increase the weight the next session. For Squat and Deadlift, add 10 lbs each time until you plateau, then reduce to 5 lbs increments. For Bench Press and OHP, aim to add 5 lbs each session. For accessory lifts, increase in the smallest possible increment.","['Advanced', 'Intermediate']","['Powerlifting', 'Powerbuilding']",Full Gym,12.0,90.0,4.0,4.0,6.0,Seated Hamstring Curl,3.0,-900.0,9.0,2024-11-18 11:11:00,2025-06-29 06:04:00
Optimized PHUL (Power Hypertrophy Upper Lower),"The goal of these revisions is to make the PHUL program more beginner-friendly by slightly altering exercise selection and rearranging the lower body days to better support recovery and sustainability. With proper attention to diet and recovery, athletes of all levels should see noticeable gains in strength and hypertrophy.

Deadlifts moved to the Lower Hypertrophy Day to optimize recovery.

Exercise order has been adjusted to accommodate this change, and calf volume has been slightly reduced.

Front squats have been replaced with Hack Squats for a better quad stimulus with less overall fatigue and a more manageable movement pattern.

Ab work has been added to each lower body day, which is optional but recommended for balanced core development.

For progression, aim to add either weight or reps each week. A simple method: once you hit the upper end of the rep range for a given exercise in all sets, increase the weight the next session. For Squat and Deadlift, add 10 lbs each time until you plateau, then reduce to 5 lbs increments. For Bench Press and OHP, aim to add 5 lbs each session. For accessory lifts, increase in the smallest possible increment.","['Advanced', 'Intermediate']","['Powerlifting', 'Powerbuilding']",Full Gym,12.0,90.0,4.0,4.0,6.0,Standing Calf Raise,4.0,10.0,8.0,2024-11-18 11:11:00,2025-06-29 06:04:00
Optimized PHUL (Power Hypertrophy Upper Lower),"The goal of these revisions is to make the PHUL program more beginner-friendly by slightly altering exercise selection and rearranging the lower body days to better support recovery and sustainability. With proper attention to diet and recovery, athletes of all levels should see noticeable gains in strength and hypertrophy.

Deadlifts moved to the Lower Hypertrophy Day to optimize recovery.

Exercise order has been adjusted to accommodate this change, and calf volume has been slightly reduced.

Front squats have been replaced with Hack Squats for a better quad stimulus with less overall fatigue and a more manageable movement pattern.

Ab work has been added to each lower body day, which is optional but recommended for balanced core development.

For progression, aim to add either weight or reps each week. A simple method: once you hit the upper end of the rep range for a given exercise in all sets, increase the weight the next session. For Squat and Deadlift, add 10 lbs each time until you plateau, then reduce to 5 lbs increments. For Bench Press and OHP, aim to add 5 lbs each session. For accessory lifts, increase in the smallest possible increment.","['Advanced', 'Intermediate']","['Powerlifting', 'Powerbuilding']",Full Gym,12.0,90.0,4.0,4.0,6.0,Abs Crunch (Machine),4.0,9.0,8.0,2024-11-18 11:11:00,2025-06-29 06:04:00
Optimized PHUL (Power Hypertrophy Upper Lower),"The goal of these revisions is to make the PHUL program more beginner-friendly by slightly altering exercise selection and rearranging the lower body days to better support recovery and sustainability. With proper attention to diet and recovery, athletes of all levels should see noticeable gains in strength and hypertrophy.

Deadlifts moved to the Lower Hypertrophy Day to optimize recovery.

Exercise order has been adjusted to accommodate this change, and calf volume has been slightly reduced.

Front squats have been replaced with Hack Squats for a better quad stimulus with less overall fatigue and a more manageable movement pattern.

Ab work has been added to each lower body day, which is optional but recommended for balanced core development.

For progression, aim to add either weight or reps each week. A simple method: once you hit the upper end of the rep range for a given exercise in all sets, increase the weight the next session. For Squat and Deadlift, add 10 lbs each time until you plateau, then reduce to 5 lbs increments. For Bench Press and OHP, aim to add 5 lbs each session. For accessory lifts, increase in the smallest possible increment.","['Advanced', 'Intermediate']","['Powerlifting', 'Powerbuilding']",Full Gym,12.0,90.0,5.0,1.0,7.0,Bench Press (Barbell),3.0,10.0,8.0,2024-11-18 11:11:00,2025-06-29 06:04:00
Optimized PHUL (Power Hypertrophy Upper Lower),"The goal of these revisions is to make the PHUL program more beginner-friendly by slightly altering exercise selection and rearranging the lower body days to better support recovery and sustainability. With proper attention to diet and recovery, athletes of all levels should see noticeable gains in strength and hypertrophy.

Deadlifts moved to the Lower Hypertrophy Day to optimize recovery.

Exercise order has been adjusted to accommodate this change, and calf volume has been slightly reduced.

Front squats have been replaced with Hack Squats for a better quad stimulus with less overall fatigue and a more manageable movement pattern.

Ab work has been added to each lower body day, which is optional but recommended for balanced core development.

For progression, aim to add either weight or reps each week. A simple method: once you hit the upper end of the rep range for a given exercise in all sets, increase the weight the next session. For Squat and Deadlift, add 10 lbs each time until you plateau, then reduce to 5 lbs increments. For Bench Press and OHP, aim to add 5 lbs each session. For accessory lifts, increase in the smallest possible increment.","['Advanced', 'Intermediate']","['Powerlifting', 'Powerbuilding']",Full Gym,12.0,90.0,5.0,1.0,7.0,Incline Chest Press (Machine),3.0,12.0,8.0,2024-11-18 11:11:00,2025-06-29 06:04:00
Optimized PHUL (Power Hypertrophy Upper Lower),"The goal of these revisions is to make the PHUL program more beginner-friendly by slightly altering exercise selection and rearranging the lower body days to better support recovery and sustainability. With proper attention to diet and recovery, athletes of all levels should see noticeable gains in strength and hypertrophy.

Deadlifts moved to the Lower Hypertrophy Day to optimize recovery.

Exercise order has been adjusted to accommodate this change, and calf volume has been slightly reduced.

Front squats have been replaced with Hack Squats for a better quad stimulus with less overall fatigue and a more manageable movement pattern.

Ab work has been added to each lower body day, which is optional but recommended for balanced core development.

For progression, aim to add either weight or reps each week. A simple method: once you hit the upper end of the rep range for a given exercise in all sets, increase the weight the next session. For Squat and Deadlift, add 10 lbs each time until you plateau, then reduce to 5 lbs increments. For Bench Press and OHP, aim to add 5 lbs each session. For accessory lifts, increase in the smallest possible increment.","['Advanced', 'Intermediate']","['Powerlifting', 'Powerbuilding']",Full Gym,12.0,90.0,5.0,1.0,7.0,Bent Over Row (Barbell),3.0,20.0,8.0,2024-11-18 11:11:00,2025-06-29 06:04:00
Optimized PHUL (Power Hypertrophy Upper Lower),"The goal of these revisions is to make the PHUL program more beginner-friendly by slightly altering exercise selection and rearranging the lower body days to better support recovery and sustainability. With proper attention to diet and recovery, athletes of all levels should see noticeable gains in strength and hypertrophy.

Deadlifts moved to the Lower Hypertrophy Day to optimize recovery.

Exercise order has been adjusted to accommodate this change, and calf volume has been slightly reduced.

Front squats have been replaced with Hack Squats for a better quad stimulus with less overall fatigue and a more manageable movement pattern.

Ab work has been added to each lower body day, which is optional but recommended for balanced core development.

For progression, aim to add either weight or reps each week. A simple method: once you hit the upper end of the rep range for a given exercise in all sets, increase the weight the next session. For Squat and Deadlift, add 10 lbs each time until you plateau, then reduce to 5 lbs increments. For Bench Press and OHP, aim to add 5 lbs each session. For accessory lifts, increase in the smallest possible increment.","['Advanced', 'Intermediate']","['Powerlifting', 'Powerbuilding']",Full Gym,12.0,90.0,5.0,1.0,7.0,Lat Pulldown,3.0,5.0,8.0,2024-11-18 11:11:00,2025-06-29 06:04:00
Optimized PHUL (Power Hypertrophy Upper Lower),"The goal of these revisions is to make the PHUL program more beginner-friendly by slightly altering exercise selection and rearranging the lower body days to better support recovery and sustainability. With proper attention to diet and recovery, athletes of all levels should see noticeable gains in strength and hypertrophy.

Deadlifts moved to the Lower Hypertrophy Day to optimize recovery.

Exercise order has been adjusted to accommodate this change, and calf volume has been slightly reduced.

Front squats have been replaced with Hack Squats for a better quad stimulus with less overall fatigue and a more manageable movement pattern.

Ab work has been added to each lower body day, which is optional but recommended for balanced core development.

For progression, aim to add either weight or reps each week. A simple method: once you hit the upper end of the rep range for a given exercise in all sets, increase the weight the next session. For Squat and Deadlift, add 10 lbs each time until you plateau, then reduce to 5 lbs increments. For Bench Press and OHP, aim to add 5 lbs each session. For accessory lifts, increase in the smallest possible increment.","['Advanced', 'Intermediate']","['Powerlifting', 'Powerbuilding']",Full Gym,12.0,90.0,5.0,1.0,7.0,Overhead Press (Barbell),3.0,10.0,8.0,2024-11-18 11:11:00,2025-06-29 06:04:00
Optimized PHUL (Power Hypertrophy Upper Lower),"The goal of these revisions is to make the PHUL program more beginner-friendly by slightly altering exercise selection and rearranging the lower body days to better support recovery and sustainability. With proper attention to diet and recovery, athletes of all levels should see noticeable gains in strength and hypertrophy.

Deadlifts moved to the Lower Hypertrophy Day to optimize recovery.

Exercise order has been adjusted to accommodate this change, and calf volume has been slightly reduced.

Front squats have been replaced with Hack Squats for a better quad stimulus with less overall fatigue and a more manageable movement pattern.

Ab work has been added to each lower body day, which is optional but recommended for balanced core development.

For progression, aim to add either weight or reps each week. A simple method: once you hit the upper end of the rep range for a given exercise in all sets, increase the weight the next session. For Squat and Deadlift, add 10 lbs each time until you plateau, then reduce to 5 lbs increments. For Bench Press and OHP, aim to add 5 lbs each session. For accessory lifts, increase in the smallest possible increment.","['Advanced', 'Intermediate']","['Powerlifting', 'Powerbuilding']",Full Gym,12.0,90.0,5.0,1.0,7.0,Bicep Curl (EZ Bar),3.0,12.0,8.0,2024-11-18 11:11:00,2025-06-29 06:04:00
Optimized PHUL (Power Hypertrophy Upper Lower),"The goal of these revisions is to make the PHUL program more beginner-friendly by slightly altering exercise selection and rearranging the lower body days to better support recovery and sustainability. With proper attention to diet and recovery, athletes of all levels should see noticeable gains in strength and hypertrophy.

Deadlifts moved to the Lower Hypertrophy Day to optimize recovery.

Exercise order has been adjusted to accommodate this change, and calf volume has been slightly reduced.

Front squats have been replaced with Hack Squats for a better quad stimulus with less overall fatigue and a more manageable movement pattern.

Ab work has been added to each lower body day, which is optional but recommended for balanced core development.

For progression, aim to add either weight or reps each week. A simple method: once you hit the upper end of the rep range for a given exercise in all sets, increase the weight the next session. For Squat and Deadlift, add 10 lbs each time until you plateau, then reduce to 5 lbs increments. For Bench Press and OHP, aim to add 5 lbs each session. For accessory lifts, increase in the smallest possible increment.","['Advanced', 'Intermediate']","['Powerlifting', 'Powerbuilding']",Full Gym,12.0,90.0,5.0,1.0,7.0,Skull Crusher (Barbell),3.0,20.0,8.0,2024-11-18 11:11:00,2025-06-29 06:04:00
Optimized PHUL (Power Hypertrophy Upper Lower),"The goal of these revisions is to make the PHUL program more beginner-friendly by slightly altering exercise selection and rearranging the lower body days to better support recovery and sustainability. With proper attention to diet and recovery, athletes of all levels should see noticeable gains in strength and hypertrophy.

Deadlifts moved to the Lower Hypertrophy Day to optimize recovery.

Exercise order has been adjusted to accommodate this change, and calf volume has been slightly reduced.

Front squats have been replaced with Hack Squats for a better quad stimulus with less overall fatigue and a more manageable movement pattern.

Ab work has been added to each lower body day, which is optional but recommended for balanced core development.

For progression, aim to add either weight or reps each week. A simple method: once you hit the upper end of the rep range for a given exercise in all sets, increase the weight the next session. For Squat and Deadlift, add 10 lbs each time until you plateau, then reduce to 5 lbs increments. For Bench Press and OHP, aim to add 5 lbs each session. For accessory lifts, increase in the smallest possible increment.","['Advanced', 'Intermediate']","['Powerlifting', 'Powerbuilding']",Full Gym,12.0,90.0,5.0,2.0,6.0,Squat (Barbell),3.0,-1200.0,8.0,2024-11-18 11:11:00,2025-06-29 06:04:00
Optimized PHUL (Power Hypertrophy Upper Lower),"The goal of these revisions is to make the PHUL program more beginner-friendly by slightly altering exercise selection and rearranging the lower body days to better support recovery and sustainability. With proper attention to diet and recovery, athletes of all levels should see noticeable gains in strength and hypertrophy.

Deadlifts moved to the Lower Hypertrophy Day to optimize recovery.

Exercise order has been adjusted to accommodate this change, and calf volume has been slightly reduced.

Front squats have been replaced with Hack Squats for a better quad stimulus with less overall fatigue and a more manageable movement pattern.

Ab work has been added to each lower body day, which is optional but recommended for balanced core development.

For progression, aim to add either weight or reps each week. A simple method: once you hit the upper end of the rep range for a given exercise in all sets, increase the weight the next session. For Squat and Deadlift, add 10 lbs each time until you plateau, then reduce to 5 lbs increments. For Bench Press and OHP, aim to add 5 lbs each session. For accessory lifts, increase in the smallest possible increment.","['Advanced', 'Intermediate']","['Powerlifting', 'Powerbuilding']",Full Gym,12.0,90.0,5.0,2.0,6.0,Leg Press,3.0,5.0,10.0,2024-11-18 11:11:00,2025-06-29 06:04:00
Optimized PHUL (Power Hypertrophy Upper Lower),"The goal of these revisions is to make the PHUL program more beginner-friendly by slightly altering exercise selection and rearranging the lower body days to better support recovery and sustainability. With proper attention to diet and recovery, athletes of all levels should see noticeable gains in strength and hypertrophy.

Deadlifts moved to the Lower Hypertrophy Day to optimize recovery.

Exercise order has been adjusted to accommodate this change, and calf volume has been slightly reduced.

Front squats have been replaced with Hack Squats for a better quad stimulus with less overall fatigue and a more manageable movement pattern.

Ab work has been added to each lower body day, which is optional but recommended for balanced core development.

For progression, aim to add either weight or reps each week. A simple method: once you hit the upper end of the rep range for a given exercise in all sets, increase the weight the next session. For Squat and Deadlift, add 10 lbs each time until you plateau, then reduce to 5 lbs increments. For Bench Press and OHP, aim to add 5 lbs each session. For accessory lifts, increase in the smallest possible increment.","['Advanced', 'Intermediate']","['Powerlifting', 'Powerbuilding']",Full Gym,12.0,90.0,5.0,2.0,6.0,Seated Hamstring Curl,3.0,9.0,8.0,2024-11-18 11:11:00,2025-06-29 06:04:00
Optimized PHUL (Power Hypertrophy Upper Lower),"The goal of these revisions is to make the PHUL program more beginner-friendly by slightly altering exercise selection and rearranging the lower body days to better support recovery and sustainability. With proper attention to diet and recovery, athletes of all levels should see noticeable gains in strength and hypertrophy.

Deadlifts moved to the Lower Hypertrophy Day to optimize recovery.

Exercise order has been adjusted to accommodate this change, and calf volume has been slightly reduced.

Front squats have been replaced with Hack Squats for a better quad stimulus with less overall fatigue and a more manageable movement pattern.

Ab work has been added to each lower body day, which is optional but recommended for balanced core development.

For progression, aim to add either weight or reps each week. A simple method: once you hit the upper end of the rep range for a given exercise in all sets, increase the weight the next session. For Squat and Deadlift, add 10 lbs each time until you plateau, then reduce to 5 lbs increments. For Bench Press and OHP, aim to add 5 lbs each session. For accessory lifts, increase in the smallest possible increment.","['Advanced', 'Intermediate']","['Powerlifting', 'Powerbuilding']",Full Gym,12.0,90.0,5.0,2.0,6.0,Leg Extension,3.0,12.0,8.0,2024-11-18 11:11:00,2025-06-29 06:04:00
Optimized PHUL (Power Hypertrophy Upper Lower),"The goal of these revisions is to make the PHUL program more beginner-friendly by slightly altering exercise selection and rearranging the lower body days to better support recovery and sustainability. With proper attention to diet and recovery, athletes of all levels should see noticeable gains in strength and hypertrophy.

Deadlifts moved to the Lower Hypertrophy Day to optimize recovery.

Exercise order has been adjusted to accommodate this change, and calf volume has been slightly reduced.

Front squats have been replaced with Hack Squats for a better quad stimulus with less overall fatigue and a more manageable movement pattern.

Ab work has been added to each lower body day, which is optional but recommended for balanced core development.

For progression, aim to add either weight or reps each week. A simple method: once you hit the upper end of the rep range for a given exercise in all sets, increase the weight the next session. For Squat and Deadlift, add 10 lbs each time until you plateau, then reduce to 5 lbs increments. For Bench Press and OHP, aim to add 5 lbs each session. For accessory lifts, increase in the smallest possible increment.","['Advanced', 'Intermediate']","['Powerlifting', 'Powerbuilding']",Full Gym,12.0,90.0,5.0,2.0,6.0,Seated Calf Raise,4.0,12.0,9.0,2024-11-18 11:11:00,2025-06-29 06:04:00
Optimized PHUL (Power Hypertrophy Upper Lower),"The goal of these revisions is to make the PHUL program more beginner-friendly by slightly altering exercise selection and rearranging the lower body days to better support recovery and sustainability. With proper attention to diet and recovery, athletes of all levels should see noticeable gains in strength and hypertrophy.

Deadlifts moved to the Lower Hypertrophy Day to optimize recovery.

Exercise order has been adjusted to accommodate this change, and calf volume has been slightly reduced.

Front squats have been replaced with Hack Squats for a better quad stimulus with less overall fatigue and a more manageable movement pattern.

Ab work has been added to each lower body day, which is optional but recommended for balanced core development.

For progression, aim to add either weight or reps each week. A simple method: once you hit the upper end of the rep range for a given exercise in all sets, increase the weight the next session. For Squat and Deadlift, add 10 lbs each time until you plateau, then reduce to 5 lbs increments. For Bench Press and OHP, aim to add 5 lbs each session. For accessory lifts, increase in the smallest possible increment.","['Advanced', 'Intermediate']","['Powerlifting', 'Powerbuilding']",Full Gym,12.0,90.0,5.0,2.0,6.0,Abs Crunch (Machine),4.0,10.0,8.0,2024-11-18 11:11:00,2025-06-29 06:04:00
Optimized PHUL (Power Hypertrophy Upper Lower),"The goal of these revisions is to make the PHUL program more beginner-friendly by slightly altering exercise selection and rearranging the lower body days to better support recovery and sustainability. With proper attention to diet and recovery, athletes of all levels should see noticeable gains in strength and hypertrophy.

Deadlifts moved to the Lower Hypertrophy Day to optimize recovery.

Exercise order has been adjusted to accommodate this change, and calf volume has been slightly reduced.

Front squats have been replaced with Hack Squats for a better quad stimulus with less overall fatigue and a more manageable movement pattern.

Ab work has been added to each lower body day, which is optional but recommended for balanced core development.

For progression, aim to add either weight or reps each week. A simple method: once you hit the upper end of the rep range for a given exercise in all sets, increase the weight the next session. For Squat and Deadlift, add 10 lbs each time until you plateau, then reduce to 5 lbs increments. For Bench Press and OHP, aim to add 5 lbs each session. For accessory lifts, increase in the smallest possible increment.","['Advanced', 'Intermediate']","['Powerlifting', 'Powerbuilding']",Full Gym,12.0,90.0,5.0,3.0,7.0,Incline Bench Press (Barbell),3.0,6.0,8.0,2024-11-18 11:11:00,2025-06-29 06:04:00
Optimized PHUL (Power Hypertrophy Upper Lower),"The goal of these revisions is to make the PHUL program more beginner-friendly by slightly altering exercise selection and rearranging the lower body days to better support recovery and sustainability. With proper attention to diet and recovery, athletes of all levels should see noticeable gains in strength and hypertrophy.

Deadlifts moved to the Lower Hypertrophy Day to optimize recovery.

Exercise order has been adjusted to accommodate this change, and calf volume has been slightly reduced.

Front squats have been replaced with Hack Squats for a better quad stimulus with less overall fatigue and a more manageable movement pattern.

Ab work has been added to each lower body day, which is optional but recommended for balanced core development.

For progression, aim to add either weight or reps each week. A simple method: once you hit the upper end of the rep range for a given exercise in all sets, increase the weight the next session. For Squat and Deadlift, add 10 lbs each time until you plateau, then reduce to 5 lbs increments. For Bench Press and OHP, aim to add 5 lbs each session. For accessory lifts, increase in the smallest possible increment.",[],[],Full Gym,12.0,90.0,5.0,3.0,7.0,Chest Fly (Machine),3.0,10.0,8.0,2024-11-18 11:11:00,2025-06-29 06:04:00
Optimized PHUL (Power Hypertrophy Upper Lower),"The goal of these revisions is to make the PHUL program more beginner-friendly by slightly altering exercise selection and rearranging the lower body days to better support recovery and sustainability. With proper attention to diet and recovery, athletes of all levels should see noticeable gains in strength and hypertrophy.

Deadlifts moved to the Lower Hypertrophy Day to optimize recovery.

Exercise order has been adjusted to accommodate this change, and calf volume has been slightly reduced.

Front squats have been replaced with Hack Squats for a better quad stimulus with less overall fatigue and a more manageable movement pattern.

Ab work has been added to each lower body day, which is optional but recommended for balanced core development.

For progression, aim to add either weight or reps each week. A simple method: once you hit the upper end of the rep range for a given exercise in all sets, increase the weight the next session. For Squat and Deadlift, add 10 lbs each time until you plateau, then reduce to 5 lbs increments. For Bench Press and OHP, aim to add 5 lbs each session. For accessory lifts, increase in the smallest possible increment.","['Advanced', 'Intermediate']","['Powerlifting', 'Powerbuilding']",Full Gym,12.0,90.0,5.0,3.0,7.0,Seated Row (Cable),3.0,20.0,8.0,2024-11-18 11:11:00,2025-06-29 06:04:00
Optimized PHUL (Power Hypertrophy Upper Lower),"The goal of these revisions is to make the PHUL program more beginner-friendly by slightly altering exercise selection and rearranging the lower body days to better support recovery and sustainability. With proper attention to diet and recovery, athletes of all levels should see noticeable gains in strength and hypertrophy.

Deadlifts moved to the Lower Hypertrophy Day to optimize recovery.

Exercise order has been adjusted to accommodate this change, and calf volume has been slightly reduced.

Front squats have been replaced with Hack Squats for a better quad stimulus with less overall fatigue and a more manageable movement pattern.

Ab work has been added to each lower body day, which is optional but recommended for balanced core development.

For progression, aim to add either weight or reps each week. A simple method: once you hit the upper end of the rep range for a given exercise in all sets, increase the weight the next session. For Squat and Deadlift, add 10 lbs each time until you plateau, then reduce to 5 lbs increments. For Bench Press and OHP, aim to add 5 lbs each session. For accessory lifts, increase in the smallest possible increment.","['Advanced', 'Intermediate']","['Powerlifting', 'Powerbuilding']",Full Gym,12.0,90.0,5.0,3.0,7.0,Single Arm Row (Dumbbell),3.0,15.0,8.0,2024-11-18 11:11:00,2025-06-29 06:04:00
Optimized PHUL (Power Hypertrophy Upper Lower),"The goal of these revisions is to make the PHUL program more beginner-friendly by slightly altering exercise selection and rearranging the lower body days to better support recovery and sustainability. With proper attention to diet and recovery, athletes of all levels should see noticeable gains in strength and hypertrophy.

Deadlifts moved to the Lower Hypertrophy Day to optimize recovery.

Exercise order has been adjusted to accommodate this change, and calf volume has been slightly reduced.

Front squats have been replaced with Hack Squats for a better quad stimulus with less overall fatigue and a more manageable movement pattern.

Ab work has been added to each lower body day, which is optional but recommended for balanced core development.

For progression, aim to add either weight or reps each week. A simple method: once you hit the upper end of the rep range for a given exercise in all sets, increase the weight the next session. For Squat and Deadlift, add 10 lbs each time until you plateau, then reduce to 5 lbs increments. For Bench Press and OHP, aim to add 5 lbs each session. For accessory lifts, increase in the smallest possible increment.","['Advanced', 'Intermediate']","['Powerlifting', 'Powerbuilding']",Full Gym,12.0,90.0,5.0,3.0,7.0,Lateral Raise (Dumbbell),3.0,-900.0,9.0,2024-11-18 11:11:00,2025-06-29 06:04:00
Optimized PHUL (Power Hypertrophy Upper Lower),"The goal of these revisions is to make the PHUL program more beginner-friendly by slightly altering exercise selection and rearranging the lower body days to better support recovery and sustainability. With proper attention to diet and recovery, athletes of all levels should see noticeable gains in strength and hypertrophy.

Deadlifts moved to the Lower Hypertrophy Day to optimize recovery.

Exercise order has been adjusted to accommodate this change, and calf volume has been slightly reduced.

Front squats have been replaced with Hack Squats for a better quad stimulus with less overall fatigue and a more manageable movement pattern.

Ab work has been added to each lower body day, which is optional but recommended for balanced core development.

For progression, aim to add either weight or reps each week. A simple method: once you hit the upper end of the rep range for a given exercise in all sets, increase the weight the next session. For Squat and Deadlift, add 10 lbs each time until you plateau, then reduce to 5 lbs increments. For Bench Press and OHP, aim to add 5 lbs each session. For accessory lifts, increase in the smallest possible increment.","['Advanced', 'Intermediate']","['Powerlifting', 'Powerbuilding']",Full Gym,12.0,90.0,5.0,3.0,7.0,Incline Curl (Dumbbell),3.0,10.0,8.0,2024-11-18 11:11:00,2025-06-29 06:04:00
Optimized PHUL (Power Hypertrophy Upper Lower),"The goal of these revisions is to make the PHUL program more beginner-friendly by slightly altering exercise selection and rearranging the lower body days to better support recovery and sustainability. With proper attention to diet and recovery, athletes of all levels should see noticeable gains in strength and hypertrophy.

Deadlifts moved to the Lower Hypertrophy Day to optimize recovery.

Exercise order has been adjusted to accommodate this change, and calf volume has been slightly reduced.

Front squats have been replaced with Hack Squats for a better quad stimulus with less overall fatigue and a more manageable movement pattern.

Ab work has been added to each lower body day, which is optional but recommended for balanced core development.

For progression, aim to add either weight or reps each week. A simple method: once you hit the upper end of the rep range for a given exercise in all sets, increase the weight the next session. For Squat and Deadlift, add 10 lbs each time until you plateau, then reduce to 5 lbs increments. For Bench Press and OHP, aim to add 5 lbs each session. For accessory lifts, increase in the smallest possible increment.","['Advanced', 'Intermediate']","['Powerlifting', 'Powerbuilding']",Full Gym,12.0,90.0,5.0,3.0,7.0,Tricep Extension (Cable),3.0,9.0,8.0,2024-11-18 11:11:00,2025-06-29 06:04:00
Optimized PHUL (Power Hypertrophy Upper Lower),"The goal of these revisions is to make the PHUL program more beginner-friendly by slightly altering exercise selection and rearranging the lower body days to better support recovery and sustainability. With proper attention to diet and recovery, athletes of all levels should see noticeable gains in strength and hypertrophy.

Deadlifts moved to the Lower Hypertrophy Day to optimize recovery.

Exercise order has been adjusted to accommodate this change, and calf volume has been slightly reduced.

Front squats have been replaced with Hack Squats for a better quad stimulus with less overall fatigue and a more manageable movement pattern.

Ab work has been added to each lower body day, which is optional but recommended for balanced core development.

For progression, aim to add either weight or reps each week. A simple method: once you hit the upper end of the rep range for a given exercise in all sets, increase the weight the next session. For Squat and Deadlift, add 10 lbs each time until you plateau, then reduce to 5 lbs increments. For Bench Press and OHP, aim to add 5 lbs each session. For accessory lifts, increase in the smallest possible increment.","['Advanced', 'Intermediate']","['Powerlifting', 'Powerbuilding']",Full Gym,12.0,90.0,5.0,4.0,6.0,Deadlift (Barbell),3.0,10.0,7.0,2024-11-18 11:11:00,2025-06-29 06:04:00
Optimized PHUL (Power Hypertrophy Upper Lower),"The goal of these revisions is to make the PHUL program more beginner-friendly by slightly altering exercise selection and rearranging the lower body days to better support recovery and sustainability. With proper attention to diet and recovery, athletes of all levels should see noticeable gains in strength and hypertrophy.

Deadlifts moved to the Lower Hypertrophy Day to optimize recovery.

Exercise order has been adjusted to accommodate this change, and calf volume has been slightly reduced.

Front squats have been replaced with Hack Squats for a better quad stimulus with less overall fatigue and a more manageable movement pattern.

Ab work has been added to each lower body day, which is optional but recommended for balanced core development.

For progression, aim to add either weight or reps each week. A simple method: once you hit the upper end of the rep range for a given exercise in all sets, increase the weight the next session. For Squat and Deadlift, add 10 lbs each time until you plateau, then reduce to 5 lbs increments. For Bench Press and OHP, aim to add 5 lbs each session. For accessory lifts, increase in the smallest possible increment.","['Advanced', 'Intermediate']","['Powerlifting', 'Powerbuilding']",Full Gym,12.0,90.0,5.0,4.0,6.0,Hack Squat,3.0,12.0,8.0,2024-11-18 11:11:00,2025-06-29 06:04:00
Optimized PHUL (Power Hypertrophy Upper Lower),"The goal of these revisions is to make the PHUL program more beginner-friendly by slightly altering exercise selection and rearranging the lower body days to better support recovery and sustainability. With proper attention to diet and recovery, athletes of all levels should see noticeable gains in strength and hypertrophy.

Deadlifts moved to the Lower Hypertrophy Day to optimize recovery.

Exercise order has been adjusted to accommodate this change, and calf volume has been slightly reduced.

Front squats have been replaced with Hack Squats for a better quad stimulus with less overall fatigue and a more manageable movement pattern.

Ab work has been added to each lower body day, which is optional but recommended for balanced core development.

For progression, aim to add either weight or reps each week. A simple method: once you hit the upper end of the rep range for a given exercise in all sets, increase the weight the next session. For Squat and Deadlift, add 10 lbs each time until you plateau, then reduce to 5 lbs increments. For Bench Press and OHP, aim to add 5 lbs each session. For accessory lifts, increase in the smallest possible increment.","['Advanced', 'Intermediate']","['Powerlifting', 'Powerbuilding']",Full Gym,12.0,90.0,5.0,4.0,6.0,Reverse Lunge (Barbell),3.0,20.0,8.0,2024-11-18 11:11:00,2025-06-29 06:04:00
Optimized PHUL (Power Hypertrophy Upper Lower),"The goal of these revisions is to make the PHUL program more beginner-friendly by slightly altering exercise selection and rearranging the lower body days to better support recovery and sustainability. With proper attention to diet and recovery, athletes of all levels should see noticeable gains in strength and hypertrophy.

Deadlifts moved to the Lower Hypertrophy Day to optimize recovery.

Exercise order has been adjusted to accommodate this change, and calf volume has been slightly reduced.

Front squats have been replaced with Hack Squats for a better quad stimulus with less overall fatigue and a more manageable movement pattern.

Ab work has been added to each lower body day, which is optional but recommended for balanced core development.

For progression, aim to add either weight or reps each week. A simple method: once you hit the upper end of the rep range for a given exercise in all sets, increase the weight the next session. For Squat and Deadlift, add 10 lbs each time until you plateau, then reduce to 5 lbs increments. For Bench Press and OHP, aim to add 5 lbs each session. For accessory lifts, increase in the smallest possible increment.","['Advanced', 'Intermediate']","['Powerlifting', 'Powerbuilding']",Full Gym,12.0,90.0,5.0,4.0,6.0,Seated Hamstring Curl,3.0,5.0,8.0,2024-11-18 11:11:00,2025-06-29 06:04:00
Optimized PHUL (Power Hypertrophy Upper Lower),"The goal of these revisions is to make the PHUL program more beginner-friendly by slightly altering exercise selection and rearranging the lower body days to better support recovery and sustainability. With proper attention to diet and recovery, athletes of all levels should see noticeable gains in strength and hypertrophy.

Deadlifts moved to the Lower Hypertrophy Day to optimize recovery.

Exercise order has been adjusted to accommodate this change, and calf volume has been slightly reduced.

Front squats have been replaced with Hack Squats for a better quad stimulus with less overall fatigue and a more manageable movement pattern.

Ab work has been added to each lower body day, which is optional but recommended for balanced core development.

For progression, aim to add either weight or reps each week. A simple method: once you hit the upper end of the rep range for a given exercise in all sets, increase the weight the next session. For Squat and Deadlift, add 10 lbs each time until you plateau, then reduce to 5 lbs increments. For Bench Press and OHP, aim to add 5 lbs each session. For accessory lifts, increase in the smallest possible increment.","['Advanced', 'Intermediate']","['Powerlifting', 'Powerbuilding']",Full Gym,12.0,90.0,5.0,4.0,6.0,Standing Calf Raise,4.0,10.0,8.0,2024-11-18 11:11:00,2025-06-29 06:04:00
Optimized PHUL (Power Hypertrophy Upper Lower),"The goal of these revisions is to make the PHUL program more beginner-friendly by slightly altering exercise selection and rearranging the lower body days to better support recovery and sustainability. With proper attention to diet and recovery, athletes of all levels should see noticeable gains in strength and hypertrophy.

Deadlifts moved to the Lower Hypertrophy Day to optimize recovery.

Exercise order has been adjusted to accommodate this change, and calf volume has been slightly reduced.

Front squats have been replaced with Hack Squats for a better quad stimulus with less overall fatigue and a more manageable movement pattern.

Ab work has been added to each lower body day, which is optional but recommended for balanced core development.

For progression, aim to add either weight or reps each week. A simple method: once you hit the upper end of the rep range for a given exercise in all sets, increase the weight the next session. For Squat and Deadlift, add 10 lbs each time until you plateau, then reduce to 5 lbs increments. For Bench Press and OHP, aim to add 5 lbs each session. For accessory lifts, increase in the smallest possible increment.","['Advanced', 'Intermediate']","['Powerlifting', 'Powerbuilding']",Full Gym,12.0,90.0,5.0,4.0,6.0,Abs Crunch (Machine),4.0,12.0,8.0,2024-11-18 11:11:00,2025-06-29 06:04:00
Optimized PHUL (Power Hypertrophy Upper Lower),"The goal of these revisions is to make the PHUL program more beginner-friendly by slightly altering exercise selection and rearranging the lower body days to better support recovery and sustainability. With proper attention to diet and recovery, athletes of all levels should see noticeable gains in strength and hypertrophy.

Deadlifts moved to the Lower Hypertrophy Day to optimize recovery.

Exercise order has been adjusted to accommodate this change, and calf volume has been slightly reduced.

Front squats have been replaced with Hack Squats for a better quad stimulus with less overall fatigue and a more manageable movement pattern.

Ab work has been added to each lower body day, which is optional but recommended for balanced core development.

For progression, aim to add either weight or reps each week. A simple method: once you hit the upper end of the rep range for a given exercise in all sets, increase the weight the next session. For Squat and Deadlift, add 10 lbs each time until you plateau, then reduce to 5 lbs increments. For Bench Press and OHP, aim to add 5 lbs each session. For accessory lifts, increase in the smallest possible increment.","['Advanced', 'Intermediate']","['Powerlifting', 'Powerbuilding']",Full Gym,12.0,90.0,6.0,1.0,7.0,Bench Press (Barbell),3.0,20.0,8.0,2024-11-18 11:11:00,2025-06-29 06:04:00
Optimized PHUL (Power Hypertrophy Upper Lower),"The goal of these revisions is to make the PHUL program more beginner-friendly by slightly altering exercise selection and rearranging the lower body days to better support recovery and sustainability. With proper attention to diet and recovery, athletes of all levels should see noticeable gains in strength and hypertrophy.

Deadlifts moved to the Lower Hypertrophy Day to optimize recovery.

Exercise order has been adjusted to accommodate this change, and calf volume has been slightly reduced.

Front squats have been replaced with Hack Squats for a better quad stimulus with less overall fatigue and a more manageable movement pattern.

Ab work has been added to each lower body day, which is optional but recommended for balanced core development.

For progression, aim to add either weight or reps each week. A simple method: once you hit the upper end of the rep range for a given exercise in all sets, increase the weight the next session. For Squat and Deadlift, add 10 lbs each time until you plateau, then reduce to 5 lbs increments. For Bench Press and OHP, aim to add 5 lbs each session. For accessory lifts, increase in the smallest possible increment.","['Advanced', 'Intermediate']","['Powerlifting', 'Powerbuilding']",Full Gym,12.0,90.0,6.0,1.0,7.0,Incline Chest Press (Machine),3.0,-1200.0,8.0,2024-11-18 11:11:00,2025-06-29 06:04:00
Optimized PHUL (Power Hypertrophy Upper Lower),"The goal of these revisions is to make the PHUL program more beginner-friendly by slightly altering exercise selection and rearranging the lower body days to better support recovery and sustainability. With proper attention to diet and recovery, athletes of all levels should see noticeable gains in strength and hypertrophy.

Deadlifts moved to the Lower Hypertrophy Day to optimize recovery.

Exercise order has been adjusted to accommodate this change, and calf volume has been slightly reduced.

Front squats have been replaced with Hack Squats for a better quad stimulus with less overall fatigue and a more manageable movement pattern.

Ab work has been added to each lower body day, which is optional but recommended for balanced core development.

For progression, aim to add either weight or reps each week. A simple method: once you hit the upper end of the rep range for a given exercise in all sets, increase the weight the next session. For Squat and Deadlift, add 10 lbs each time until you plateau, then reduce to 5 lbs increments. For Bench Press and OHP, aim to add 5 lbs each session. For accessory lifts, increase in the smallest possible increment.","['Advanced', 'Intermediate']","['Powerlifting', 'Powerbuilding']",Full Gym,12.0,90.0,6.0,1.0,7.0,Bent Over Row (Barbell),3.0,5.0,6.0,2024-11-18 11:11:00,2025-06-29 06:04:00
Optimized PHUL (Power Hypertrophy Upper Lower),"The goal of these revisions is to make the PHUL program more beginner-friendly by slightly altering exercise selection and rearranging the lower body days to better support recovery and sustainability. With proper attention to diet and recovery, athletes of all levels should see noticeable gains in strength and hypertrophy.

Deadlifts moved to the Lower Hypertrophy Day to optimize recovery.

Exercise order has been adjusted to accommodate this change, and calf volume has been slightly reduced.

Front squats have been replaced with Hack Squats for a better quad stimulus with less overall fatigue and a more manageable movement pattern.

Ab work has been added to each lower body day, which is optional but recommended for balanced core development.

For progression, aim to add either weight or reps each week. A simple method: once you hit the upper end of the rep range for a given exercise in all sets, increase the weight the next session. For Squat and Deadlift, add 10 lbs each time until you plateau, then reduce to 5 lbs increments. For Bench Press and OHP, aim to add 5 lbs each session. For accessory lifts, increase in the smallest possible increment.","['Advanced', 'Intermediate']","['Powerlifting', 'Powerbuilding']",Full Gym,12.0,90.0,6.0,1.0,7.0,Lat Pulldown,3.0,9.0,8.0,2024-11-18 11:11:00,2025-06-29 06:04:00
Optimized PHUL (Power Hypertrophy Upper Lower),"The goal of these revisions is to make the PHUL program more beginner-friendly by slightly altering exercise selection and rearranging the lower body days to better support recovery and sustainability. With proper attention to diet and recovery, athletes of all levels should see noticeable gains in strength and hypertrophy.

Deadlifts moved to the Lower Hypertrophy Day to optimize recovery.

Exercise order has been adjusted to accommodate this change, and calf volume has been slightly reduced.

Front squats have been replaced with Hack Squats for a better quad stimulus with less overall fatigue and a more manageable movement pattern.

Ab work has been added to each lower body day, which is optional but recommended for balanced core development.

For progression, aim to add either weight or reps each week. A simple method: once you hit the upper end of the rep range for a given exercise in all sets, increase the weight the next session. For Squat and Deadlift, add 10 lbs each time until you plateau, then reduce to 5 lbs increments. For Bench Press and OHP, aim to add 5 lbs each session. For accessory lifts, increase in the smallest possible increment.","['Advanced', 'Intermediate']","['Powerlifting', 'Powerbuilding']",Full Gym,12.0,90.0,6.0,1.0,7.0,Overhead Press (Barbell),3.0,12.0,7.0,2024-11-18 11:11:00,2025-06-29 06:04:00
Optimized PHUL (Power Hypertrophy Upper Lower),"The goal of these revisions is to make the PHUL program more beginner-friendly by slightly altering exercise selection and rearranging the lower body days to better support recovery and sustainability. With proper attention to diet and recovery, athletes of all levels should see noticeable gains in strength and hypertrophy.

Deadlifts moved to the Lower Hypertrophy Day to optimize recovery.

Exercise order has been adjusted to accommodate this change, and calf volume has been slightly reduced.

Front squats have been replaced with Hack Squats for a better quad stimulus with less overall fatigue and a more manageable movement pattern.

Ab work has been added to each lower body day, which is optional but recommended for balanced core development.

For progression, aim to add either weight or reps each week. A simple method: once you hit the upper end of the rep range for a given exercise in all sets, increase the weight the next session. For Squat and Deadlift, add 10 lbs each time until you plateau, then reduce to 5 lbs increments. For Bench Press and OHP, aim to add 5 lbs each session. For accessory lifts, increase in the smallest possible increment.","['Advanced', 'Intermediate']","['Powerlifting', 'Powerbuilding']",Full Gym,12.0,90.0,6.0,1.0,7.0,Bicep Curl (EZ Bar),3.0,12.0,8.0,2024-11-18 11:11:00,2025-06-29 06:04:00
Optimized PHUL (Power Hypertrophy Upper Lower),"The goal of these revisions is to make the PHUL program more beginner-friendly by slightly altering exercise selection and rearranging the lower body days to better support recovery and sustainability. With proper attention to diet and recovery, athletes of all levels should see noticeable gains in strength and hypertrophy.

Deadlifts moved to the Lower Hypertrophy Day to optimize recovery.

Exercise order has been adjusted to accommodate this change, and calf volume has been slightly reduced.

Front squats have been replaced with Hack Squats for a better quad stimulus with less overall fatigue and a more manageable movement pattern.

Ab work has been added to each lower body day, which is optional but recommended for balanced core development.

For progression, aim to add either weight or reps each week. A simple method: once you hit the upper end of the rep range for a given exercise in all sets, increase the weight the next session. For Squat and Deadlift, add 10 lbs each time until you plateau, then reduce to 5 lbs increments. For Bench Press and OHP, aim to add 5 lbs each session. For accessory lifts, increase in the smallest possible increment.",[],[],Full Gym,12.0,90.0,6.0,1.0,7.0,Skull Crusher (Barbell),3.0,10.0,9.0,2024-11-18 11:11:00,2025-06-29 06:04:00
Optimized PHUL (Power Hypertrophy Upper Lower),"The goal of these revisions is to make the PHUL program more beginner-friendly by slightly altering exercise selection and rearranging the lower body days to better support recovery and sustainability. With proper attention to diet and recovery, athletes of all levels should see noticeable gains in strength and hypertrophy.

Deadlifts moved to the Lower Hypertrophy Day to optimize recovery.

Exercise order has been adjusted to accommodate this change, and calf volume has been slightly reduced.

Front squats have been replaced with Hack Squats for a better quad stimulus with less overall fatigue and a more manageable movement pattern.

Ab work has been added to each lower body day, which is optional but recommended for balanced core development.

For progression, aim to add either weight or reps each week. A simple method: once you hit the upper end of the rep range for a given exercise in all sets, increase the weight the next session. For Squat and Deadlift, add 10 lbs each time until you plateau, then reduce to 5 lbs increments. For Bench Press and OHP, aim to add 5 lbs each session. For accessory lifts, increase in the smallest possible increment.","['Advanced', 'Intermediate']","['Powerlifting', 'Powerbuilding']",Full Gym,12.0,90.0,6.0,2.0,6.0,Squat (Barbell),3.0,6.0,8.0,2024-11-18 11:11:00,2025-06-29 06:04:00
Optimized PHUL (Power Hypertrophy Upper Lower),"The goal of these revisions is to make the PHUL program more beginner-friendly by slightly altering exercise selection and rearranging the lower body days to better support recovery and sustainability. With proper attention to diet and recovery, athletes of all levels should see noticeable gains in strength and hypertrophy.

Deadlifts moved to the Lower Hypertrophy Day to optimize recovery.

Exercise order has been adjusted to accommodate this change, and calf volume has been slightly reduced.

Front squats have been replaced with Hack Squats for a better quad stimulus with less overall fatigue and a more manageable movement pattern.

Ab work has been added to each lower body day, which is optional but recommended for balanced core development.

For progression, aim to add either weight or reps each week. A simple method: once you hit the upper end of the rep range for a given exercise in all sets, increase the weight the next session. For Squat and Deadlift, add 10 lbs each time until you plateau, then reduce to 5 lbs increments. For Bench Press and OHP, aim to add 5 lbs each session. For accessory lifts, increase in the smallest possible increment.","['Advanced', 'Intermediate']","['Powerlifting', 'Powerbuilding']",Full Gym,12.0,90.0,6.0,2.0,6.0,Leg Press,3.0,10.0,8.0,2024-11-18 11:11:00,2025-06-29 06:04:00
Optimized PHUL (Power Hypertrophy Upper Lower),"The goal of these revisions is to make the PHUL program more beginner-friendly by slightly altering exercise selection and rearranging the lower body days to better support recovery and sustainability. With proper attention to diet and recovery, athletes of all levels should see noticeable gains in strength and hypertrophy.

Deadlifts moved to the Lower Hypertrophy Day to optimize recovery.

Exercise order has been adjusted to accommodate this change, and calf volume has been slightly reduced.

Front squats have been replaced with Hack Squats for a better quad stimulus with less overall fatigue and a more manageable movement pattern.

Ab work has been added to each lower body day, which is optional but recommended for balanced core development.

For progression, aim to add either weight or reps each week. A simple method: once you hit the upper end of the rep range for a given exercise in all sets, increase the weight the next session. For Squat and Deadlift, add 10 lbs each time until you plateau, then reduce to 5 lbs increments. For Bench Press and OHP, aim to add 5 lbs each session. For accessory lifts, increase in the smallest possible increment.","['Advanced', 'Intermediate']","['Powerlifting', 'Powerbuilding']",Full Gym,12.0,90.0,6.0,2.0,6.0,Seated Hamstring Curl,3.0,20.0,8.0,2024-11-18 11:11:00,2025-06-29 06:04:00
Optimized PHUL (Power Hypertrophy Upper Lower),"The goal of these revisions is to make the PHUL program more beginner-friendly by slightly altering exercise selection and rearranging the lower body days to better support recovery and sustainability. With proper attention to diet and recovery, athletes of all levels should see noticeable gains in strength and hypertrophy.

Deadlifts moved to the Lower Hypertrophy Day to optimize recovery.

Exercise order has been adjusted to accommodate this change, and calf volume has been slightly reduced.

Front squats have been replaced with Hack Squats for a better quad stimulus with less overall fatigue and a more manageable movement pattern.

Ab work has been added to each lower body day, which is optional but recommended for balanced core development.

For progression, aim to add either weight or reps each week. A simple method: once you hit the upper end of the rep range for a given exercise in all sets, increase the weight the next session. For Squat and Deadlift, add 10 lbs each time until you plateau, then reduce to 5 lbs increments. For Bench Press and OHP, aim to add 5 lbs each session. For accessory lifts, increase in the smallest possible increment.",[],[],Full Gym,12.0,90.0,6.0,2.0,6.0,Leg Extension,3.0,15.0,7.0,2024-11-18 11:11:00,2025-06-29 06:04:00
Optimized PHUL (Power Hypertrophy Upper Lower),"The goal of these revisions is to make the PHUL program more beginner-friendly by slightly altering exercise selection and rearranging the lower body days to better support recovery and sustainability. With proper attention to diet and recovery, athletes of all levels should see noticeable gains in strength and hypertrophy.

Deadlifts moved to the Lower Hypertrophy Day to optimize recovery.

Exercise order has been adjusted to accommodate this change, and calf volume has been slightly reduced.

Front squats have been replaced with Hack Squats for a better quad stimulus with less overall fatigue and a more manageable movement pattern.

Ab work has been added to each lower body day, which is optional but recommended for balanced core development.

For progression, aim to add either weight or reps each week. A simple method: once you hit the upper end of the rep range for a given exercise in all sets, increase the weight the next session. For Squat and Deadlift, add 10 lbs each time until you plateau, then reduce to 5 lbs increments. For Bench Press and OHP, aim to add 5 lbs each session. For accessory lifts, increase in the smallest possible increment.",[],[],Full Gym,12.0,90.0,6.0,2.0,6.0,Seated Calf Raise,4.0,-900.0,8.0,2024-11-18 11:11:00,2025-06-29 06:04:00
Optimized PHUL (Power Hypertrophy Upper Lower),"The goal of these revisions is to make the PHUL program more beginner-friendly by slightly altering exercise selection and rearranging the lower body days to better support recovery and sustainability. With proper attention to diet and recovery, athletes of all levels should see noticeable gains in strength and hypertrophy.

Deadlifts moved to the Lower Hypertrophy Day to optimize recovery.

Exercise order has been adjusted to accommodate this change, and calf volume has been slightly reduced.

Front squats have been replaced with Hack Squats for a better quad stimulus with less overall fatigue and a more manageable movement pattern.

Ab work has been added to each lower body day, which is optional but recommended for balanced core development.

For progression, aim to add either weight or reps each week. A simple method: once you hit the upper end of the rep range for a given exercise in all sets, increase the weight the next session. For Squat and Deadlift, add 10 lbs each time until you plateau, then reduce to 5 lbs increments. For Bench Press and OHP, aim to add 5 lbs each session. For accessory lifts, increase in the smallest possible increment.",[],[],Full Gym,12.0,90.0,6.0,2.0,6.0,Abs Crunch (Machine),4.0,10.0,8.0,2024-11-18 11:11:00,2025-06-29 06:04:00
Optimized PHUL (Power Hypertrophy Upper Lower),"The goal of these revisions is to make the PHUL program more beginner-friendly by slightly altering exercise selection and rearranging the lower body days to better support recovery and sustainability. With proper attention to diet and recovery, athletes of all levels should see noticeable gains in strength and hypertrophy.

Deadlifts moved to the Lower Hypertrophy Day to optimize recovery.

Exercise order has been adjusted to accommodate this change, and calf volume has been slightly reduced.

Front squats have been replaced with Hack Squats for a better quad stimulus with less overall fatigue and a more manageable movement pattern.

Ab work has been added to each lower body day, which is optional but recommended for balanced core development.

For progression, aim to add either weight or reps each week. A simple method: once you hit the upper end of the rep range for a given exercise in all sets, increase the weight the next session. For Squat and Deadlift, add 10 lbs each time until you plateau, then reduce to 5 lbs increments. For Bench Press and OHP, aim to add 5 lbs each session. For accessory lifts, increase in the smallest possible increment.",[],[],Full Gym,12.0,90.0,6.0,3.0,7.0,Incline Bench Press (Barbell),3.0,9.0,8.0,2024-11-18 11:11:00,2025-06-29 06:04:00
Optimized PHUL (Power Hypertrophy Upper Lower),"The goal of these revisions is to make the PHUL program more beginner-friendly by slightly altering exercise selection and rearranging the lower body days to better support recovery and sustainability. With proper attention to diet and recovery, athletes of all levels should see noticeable gains in strength and hypertrophy.

Deadlifts moved to the Lower Hypertrophy Day to optimize recovery.

Exercise order has been adjusted to accommodate this change, and calf volume has been slightly reduced.

Front squats have been replaced with Hack Squats for a better quad stimulus with less overall fatigue and a more manageable movement pattern.

Ab work has been added to each lower body day, which is optional but recommended for balanced core development.

For progression, aim to add either weight or reps each week. A simple method: once you hit the upper end of the rep range for a given exercise in all sets, increase the weight the next session. For Squat and Deadlift, add 10 lbs each time until you plateau, then reduce to 5 lbs increments. For Bench Press and OHP, aim to add 5 lbs each session. For accessory lifts, increase in the smallest possible increment.",['Advanced'],['Powerlifting'],Full Gym,12.0,90.0,6.0,3.0,7.0,Chest Fly (Machine),3.0,10.0,8.0,2024-11-18 11:11:00,2025-06-29 06:04:00
Optimized PHUL (Power Hypertrophy Upper Lower),"The goal of these revisions is to make the PHUL program more beginner-friendly by slightly altering exercise selection and rearranging the lower body days to better support recovery and sustainability. With proper attention to diet and recovery, athletes of all levels should see noticeable gains in strength and hypertrophy.

Deadlifts moved to the Lower Hypertrophy Day to optimize recovery.

Exercise order has been adjusted to accommodate this change, and calf volume has been slightly reduced.

Front squats have been replaced with Hack Squats for a better quad stimulus with less overall fatigue and a more manageable movement pattern.

Ab work has been added to each lower body day, which is optional but recommended for balanced core development.

For progression, aim to add either weight or reps each week. A simple method: once you hit the upper end of the rep range for a given exercise in all sets, increase the weight the next session. For Squat and Deadlift, add 10 lbs each time until you plateau, then reduce to 5 lbs increments. For Bench Press and OHP, aim to add 5 lbs each session. For accessory lifts, increase in the smallest possible increment.",['Advanced'],['Powerlifting'],Full Gym,12.0,90.0,6.0,3.0,7.0,Seated Row (Cable),3.0,12.0,8.0,2024-11-18 11:11:00,2025-06-29 06:04:00
Optimized PHUL (Power Hypertrophy Upper Lower),"The goal of these revisions is to make the PHUL program more beginner-friendly by slightly altering exercise selection and rearranging the lower body days to better support recovery and sustainability. With proper attention to diet and recovery, athletes of all levels should see noticeable gains in strength and hypertrophy.

Deadlifts moved to the Lower Hypertrophy Day to optimize recovery.

Exercise order has been adjusted to accommodate this change, and calf volume has been slightly reduced.

Front squats have been replaced with Hack Squats for a better quad stimulus with less overall fatigue and a more manageable movement pattern.

Ab work has been added to each lower body day, which is optional but recommended for balanced core development.

For progression, aim to add either weight or reps each week. A simple method: once you hit the upper end of the rep range for a given exercise in all sets, increase the weight the next session. For Squat and Deadlift, add 10 lbs each time until you plateau, then reduce to 5 lbs increments. For Bench Press and OHP, aim to add 5 lbs each session. For accessory lifts, increase in the smallest possible increment.",['Advanced'],['Powerlifting'],Full Gym,12.0,90.0,6.0,3.0,7.0,Single Arm Row (Dumbbell),3.0,20.0,8.0,2024-11-18 11:11:00,2025-06-29 06:04:00
Optimized PHUL (Power Hypertrophy Upper Lower),"The goal of these revisions is to make the PHUL program more beginner-friendly by slightly altering exercise selection and rearranging the lower body days to better support recovery and sustainability. With proper attention to diet and recovery, athletes of all levels should see noticeable gains in strength and hypertrophy.

Deadlifts moved to the Lower Hypertrophy Day to optimize recovery.

Exercise order has been adjusted to accommodate this change, and calf volume has been slightly reduced.

Front squats have been replaced with Hack Squats for a better quad stimulus with less overall fatigue and a more manageable movement pattern.

Ab work has been added to each lower body day, which is optional but recommended for balanced core development.

For progression, aim to add either weight or reps each week. A simple method: once you hit the upper end of the rep range for a given exercise in all sets, increase the weight the next session. For Squat and Deadlift, add 10 lbs each time until you plateau, then reduce to 5 lbs increments. For Bench Press and OHP, aim to add 5 lbs each session. For accessory lifts, increase in the smallest possible increment.",['Advanced'],['Powerlifting'],Full Gym,12.0,90.0,6.0,3.0,7.0,Lateral Raise (Dumbbell),3.0,5.0,8.0,2024-11-18 11:11:00,2025-06-29 06:04:00
Optimized PHUL (Power Hypertrophy Upper Lower),"The goal of these revisions is to make the PHUL program more beginner-friendly by slightly altering exercise selection and rearranging the lower body days to better support recovery and sustainability. With proper attention to diet and recovery, athletes of all levels should see noticeable gains in strength and hypertrophy.

Deadlifts moved to the Lower Hypertrophy Day to optimize recovery.

Exercise order has been adjusted to accommodate this change, and calf volume has been slightly reduced.

Front squats have been replaced with Hack Squats for a better quad stimulus with less overall fatigue and a more manageable movement pattern.

Ab work has been added to each lower body day, which is optional but recommended for balanced core development.

For progression, aim to add either weight or reps each week. A simple method: once you hit the upper end of the rep range for a given exercise in all sets, increase the weight the next session. For Squat and Deadlift, add 10 lbs each time until you plateau, then reduce to 5 lbs increments. For Bench Press and OHP, aim to add 5 lbs each session. For accessory lifts, increase in the smallest possible increment.",['Advanced'],['Powerlifting'],Full Gym,12.0,90.0,6.0,3.0,7.0,Incline Curl (Dumbbell),3.0,10.0,6.0,2024-11-18 11:11:00,2025-06-29 06:04:00
Optimized PHUL (Power Hypertrophy Upper Lower),"The goal of these revisions is to make the PHUL program more beginner-friendly by slightly altering exercise selection and rearranging the lower body days to better support recovery and sustainability. With proper attention to diet and recovery, athletes of all levels should see noticeable gains in strength and hypertrophy.

Deadlifts moved to the Lower Hypertrophy Day to optimize recovery.

Exercise order has been adjusted to accommodate this change, and calf volume has been slightly reduced.

Front squats have been replaced with Hack Squats for a better quad stimulus with less overall fatigue and a more manageable movement pattern.

Ab work has been added to each lower body day, which is optional but recommended for balanced core development.

For progression, aim to add either weight or reps each week. A simple method: once you hit the upper end of the rep range for a given exercise in all sets, increase the weight the next session. For Squat and Deadlift, add 10 lbs each time until you plateau, then reduce to 5 lbs increments. For Bench Press and OHP, aim to add 5 lbs each session. For accessory lifts, increase in the smallest possible increment.",['Advanced'],['Powerlifting'],Full Gym,12.0,90.0,6.0,3.0,7.0,Tricep Extension (Cable),3.0,12.0,8.0,2024-11-18 11:11:00,2025-06-29 06:04:00
Optimized PHUL (Power Hypertrophy Upper Lower),"The goal of these revisions is to make the PHUL program more beginner-friendly by slightly altering exercise selection and rearranging the lower body days to better support recovery and sustainability. With proper attention to diet and recovery, athletes of all levels should see noticeable gains in strength and hypertrophy.

Deadlifts moved to the Lower Hypertrophy Day to optimize recovery.

Exercise order has been adjusted to accommodate this change, and calf volume has been slightly reduced.

Front squats have been replaced with Hack Squats for a better quad stimulus with less overall fatigue and a more manageable movement pattern.

Ab work has been added to each lower body day, which is optional but recommended for balanced core development.

For progression, aim to add either weight or reps each week. A simple method: once you hit the upper end of the rep range for a given exercise in all sets, increase the weight the next session. For Squat and Deadlift, add 10 lbs each time until you plateau, then reduce to 5 lbs increments. For Bench Press and OHP, aim to add 5 lbs each session. For accessory lifts, increase in the smallest possible increment.",['Advanced'],['Powerlifting'],Full Gym,12.0,90.0,6.0,4.0,6.0,Deadlift (Barbell),3.0,20.0,7.0,2024-11-18 11:11:00,2025-06-29 06:04:00
Optimized PHUL (Power Hypertrophy Upper Lower),"The goal of these revisions is to make the PHUL program more beginner-friendly by slightly altering exercise selection and rearranging the lower body days to better support recovery and sustainability. With proper attention to diet and recovery, athletes of all levels should see noticeable gains in strength and hypertrophy.

Deadlifts moved to the Lower Hypertrophy Day to optimize recovery.

Exercise order has been adjusted to accommodate this change, and calf volume has been slightly reduced.

Front squats have been replaced with Hack Squats for a better quad stimulus with less overall fatigue and a more manageable movement pattern.

Ab work has been added to each lower body day, which is optional but recommended for balanced core development.

For progression, aim to add either weight or reps each week. A simple method: once you hit the upper end of the rep range for a given exercise in all sets, increase the weight the next session. For Squat and Deadlift, add 10 lbs each time until you plateau, then reduce to 5 lbs increments. For Bench Press and OHP, aim to add 5 lbs each session. For accessory lifts, increase in the smallest possible increment.",['Advanced'],['Powerlifting'],Full Gym,12.0,90.0,6.0,4.0,6.0,Hack Squat,3.0,-1200.0,8.0,2024-11-18 11:11:00,2025-06-29 06:04:00
Optimized PHUL (Power Hypertrophy Upper Lower),"The goal of these revisions is to make the PHUL program more beginner-friendly by slightly altering exercise selection and rearranging the lower body days to better support recovery and sustainability. With proper attention to diet and recovery, athletes of all levels should see noticeable gains in strength and hypertrophy.

Deadlifts moved to the Lower Hypertrophy Day to optimize recovery.

Exercise order has been adjusted to accommodate this change, and calf volume has been slightly reduced.

Front squats have been replaced with Hack Squats for a better quad stimulus with less overall fatigue and a more manageable movement pattern.

Ab work has been added to each lower body day, which is optional but recommended for balanced core development.

For progression, aim to add either weight or reps each week. A simple method: once you hit the upper end of the rep range for a given exercise in all sets, increase the weight the next session. For Squat and Deadlift, add 10 lbs each time until you plateau, then reduce to 5 lbs increments. For Bench Press and OHP, aim to add 5 lbs each session. For accessory lifts, increase in the smallest possible increment.",['Advanced'],['Powerlifting'],Full Gym,12.0,90.0,6.0,4.0,6.0,Reverse Lunge (Barbell),3.0,5.0,9.0,2024-11-18 11:11:00,2025-06-29 06:04:00
Optimized PHUL (Power Hypertrophy Upper Lower),"The goal of these revisions is to make the PHUL program more beginner-friendly by slightly altering exercise selection and rearranging the lower body days to better support recovery and sustainability. With proper attention to diet and recovery, athletes of all levels should see noticeable gains in strength and hypertrophy.

Deadlifts moved to the Lower Hypertrophy Day to optimize recovery.

Exercise order has been adjusted to accommodate this change, and calf volume has been slightly reduced.

Front squats have been replaced with Hack Squats for a better quad stimulus with less overall fatigue and a more manageable movement pattern.

Ab work has been added to each lower body day, which is optional but recommended for balanced core development.

For progression, aim to add either weight or reps each week. A simple method: once you hit the upper end of the rep range for a given exercise in all sets, increase the weight the next session. For Squat and Deadlift, add 10 lbs each time until you plateau, then reduce to 5 lbs increments. For Bench Press and OHP, aim to add 5 lbs each session. For accessory lifts, increase in the smallest possible increment.",['Advanced'],['Powerlifting'],Full Gym,12.0,90.0,6.0,4.0,6.0,Seated Hamstring Curl,3.0,9.0,8.0,2024-11-18 11:11:00,2025-06-29 06:04:00
Optimized PHUL (Power Hypertrophy Upper Lower),"The goal of these revisions is to make the PHUL program more beginner-friendly by slightly altering exercise selection and rearranging the lower body days to better support recovery and sustainability. With proper attention to diet and recovery, athletes of all levels should see noticeable gains in strength and hypertrophy.

Deadlifts moved to the Lower Hypertrophy Day to optimize recovery.

Exercise order has been adjusted to accommodate this change, and calf volume has been slightly reduced.

Front squats have been replaced with Hack Squats for a better quad stimulus with less overall fatigue and a more manageable movement pattern.

Ab work has been added to each lower body day, which is optional but recommended for balanced core development.

For progression, aim to add either weight or reps each week. A simple method: once you hit the upper end of the rep range for a given exercise in all sets, increase the weight the next session. For Squat and Deadlift, add 10 lbs each time until you plateau, then reduce to 5 lbs increments. For Bench Press and OHP, aim to add 5 lbs each session. For accessory lifts, increase in the smallest possible increment.",['Advanced'],['Powerlifting'],Full Gym,12.0,90.0,6.0,4.0,6.0,Standing Calf Raise,4.0,12.0,8.0,2024-11-18 11:11:00,2025-06-29 06:04:00
Optimized PHUL (Power Hypertrophy Upper Lower),"The goal of these revisions is to make the PHUL program more beginner-friendly by slightly altering exercise selection and rearranging the lower body days to better support recovery and sustainability. With proper attention to diet and recovery, athletes of all levels should see noticeable gains in strength and hypertrophy.

Deadlifts moved to the Lower Hypertrophy Day to optimize recovery.

Exercise order has been adjusted to accommodate this change, and calf volume has been slightly reduced.

Front squats have been replaced with Hack Squats for a better quad stimulus with less overall fatigue and a more manageable movement pattern.

Ab work has been added to each lower body day, which is optional but recommended for balanced core development.

For progression, aim to add either weight or reps each week. A simple method: once you hit the upper end of the rep range for a given exercise in all sets, increase the weight the next session. For Squat and Deadlift, add 10 lbs each time until you plateau, then reduce to 5 lbs increments. For Bench Press and OHP, aim to add 5 lbs each session. For accessory lifts, increase in the smallest possible increment.",['Advanced'],['Powerlifting'],Full Gym,12.0,90.0,6.0,4.0,6.0,Abs Crunch (Machine),4.0,12.0,8.0,2024-11-18 11:11:00,2025-06-29 06:04:00
Optimized PHUL (Power Hypertrophy Upper Lower),"The goal of these revisions is to make the PHUL program more beginner-friendly by slightly altering exercise selection and rearranging the lower body days to better support recovery and sustainability. With proper attention to diet and recovery, athletes of all levels should see noticeable gains in strength and hypertrophy.

Deadlifts moved to the Lower Hypertrophy Day to optimize recovery.

Exercise order has been adjusted to accommodate this change, and calf volume has been slightly reduced.

Front squats have been replaced with Hack Squats for a better quad stimulus with less overall fatigue and a more manageable movement pattern.

Ab work has been added to each lower body day, which is optional but recommended for balanced core development.

For progression, aim to add either weight or reps each week. A simple method: once you hit the upper end of the rep range for a given exercise in all sets, increase the weight the next session. For Squat and Deadlift, add 10 lbs each time until you plateau, then reduce to 5 lbs increments. For Bench Press and OHP, aim to add 5 lbs each session. For accessory lifts, increase in the smallest possible increment.",['Advanced'],['Powerlifting'],Full Gym,12.0,90.0,7.0,1.0,7.0,Bench Press (Barbell),3.0,10.0,7.0,2024-11-18 11:11:00,2025-06-29 06:04:00
Optimized PHUL (Power Hypertrophy Upper Lower),"The goal of these revisions is to make the PHUL program more beginner-friendly by slightly altering exercise selection and rearranging the lower body days to better support recovery and sustainability. With proper attention to diet and recovery, athletes of all levels should see noticeable gains in strength and hypertrophy.

Deadlifts moved to the Lower Hypertrophy Day to optimize recovery.

Exercise order has been adjusted to accommodate this change, and calf volume has been slightly reduced.

Front squats have been replaced with Hack Squats for a better quad stimulus with less overall fatigue and a more manageable movement pattern.

Ab work has been added to each lower body day, which is optional but recommended for balanced core development.

For progression, aim to add either weight or reps each week. A simple method: once you hit the upper end of the rep range for a given exercise in all sets, increase the weight the next session. For Squat and Deadlift, add 10 lbs each time until you plateau, then reduce to 5 lbs increments. For Bench Press and OHP, aim to add 5 lbs each session. For accessory lifts, increase in the smallest possible increment.",['Advanced'],['Powerlifting'],Full Gym,12.0,90.0,7.0,1.0,7.0,Incline Chest Press (Machine),3.0,6.0,8.0,2024-11-18 11:11:00,2025-06-29 06:04:00
Optimized PHUL (Power Hypertrophy Upper Lower),"The goal of these revisions is to make the PHUL program more beginner-friendly by slightly altering exercise selection and rearranging the lower body days to better support recovery and sustainability. With proper attention to diet and recovery, athletes of all levels should see noticeable gains in strength and hypertrophy.

Deadlifts moved to the Lower Hypertrophy Day to optimize recovery.

Exercise order has been adjusted to accommodate this change, and calf volume has been slightly reduced.

Front squats have been replaced with Hack Squats for a better quad stimulus with less overall fatigue and a more manageable movement pattern.

Ab work has been added to each lower body day, which is optional but recommended for balanced core development.

For progression, aim to add either weight or reps each week. A simple method: once you hit the upper end of the rep range for a given exercise in all sets, increase the weight the next session. For Squat and Deadlift, add 10 lbs each time until you plateau, then reduce to 5 lbs increments. For Bench Press and OHP, aim to add 5 lbs each session. For accessory lifts, increase in the smallest possible increment.",['Advanced'],['Powerlifting'],Full Gym,12.0,90.0,7.0,1.0,7.0,Bent Over Row (Barbell),3.0,10.0,8.0,2024-11-18 11:11:00,2025-06-29 06:04:00
Optimized PHUL (Power Hypertrophy Upper Lower),"The goal of these revisions is to make the PHUL program more beginner-friendly by slightly altering exercise selection and rearranging the lower body days to better support recovery and sustainability. With proper attention to diet and recovery, athletes of all levels should see noticeable gains in strength and hypertrophy.

Deadlifts moved to the Lower Hypertrophy Day to optimize recovery.

Exercise order has been adjusted to accommodate this change, and calf volume has been slightly reduced.

Front squats have been replaced with Hack Squats for a better quad stimulus with less overall fatigue and a more manageable movement pattern.

Ab work has been added to each lower body day, which is optional but recommended for balanced core development.

For progression, aim to add either weight or reps each week. A simple method: once you hit the upper end of the rep range for a given exercise in all sets, increase the weight the next session. For Squat and Deadlift, add 10 lbs each time until you plateau, then reduce to 5 lbs increments. For Bench Press and OHP, aim to add 5 lbs each session. For accessory lifts, increase in the smallest possible increment.",['Advanced'],['Powerlifting'],Full Gym,12.0,90.0,7.0,1.0,7.0,Lat Pulldown,3.0,20.0,8.0,2024-11-18 11:11:00,2025-06-29 06:04:00
Optimized PHUL (Power Hypertrophy Upper Lower),"The goal of these revisions is to make the PHUL program more beginner-friendly by slightly altering exercise selection and rearranging the lower body days to better support recovery and sustainability. With proper attention to diet and recovery, athletes of all levels should see noticeable gains in strength and hypertrophy.

Deadlifts moved to the Lower Hypertrophy Day to optimize recovery.

Exercise order has been adjusted to accommodate this change, and calf volume has been slightly reduced.

Front squats have been replaced with Hack Squats for a better quad stimulus with less overall fatigue and a more manageable movement pattern.

Ab work has been added to each lower body day, which is optional but recommended for balanced core development.

For progression, aim to add either weight or reps each week. A simple method: once you hit the upper end of the rep range for a given exercise in all sets, increase the weight the next session. For Squat and Deadlift, add 10 lbs each time until you plateau, then reduce to 5 lbs increments. For Bench Press and OHP, aim to add 5 lbs each session. For accessory lifts, increase in the smallest possible increment.",['Advanced'],['Powerlifting'],Full Gym,12.0,90.0,7.0,1.0,7.0,Overhead Press (Barbell),3.0,15.0,8.0,2024-11-18 11:11:00,2025-06-29 06:04:00
Optimized PHUL (Power Hypertrophy Upper Lower),"The goal of these revisions is to make the PHUL program more beginner-friendly by slightly altering exercise selection and rearranging the lower body days to better support recovery and sustainability. With proper attention to diet and recovery, athletes of all levels should see noticeable gains in strength and hypertrophy.

Deadlifts moved to the Lower Hypertrophy Day to optimize recovery.

Exercise order has been adjusted to accommodate this change, and calf volume has been slightly reduced.

Front squats have been replaced with Hack Squats for a better quad stimulus with less overall fatigue and a more manageable movement pattern.

Ab work has been added to each lower body day, which is optional but recommended for balanced core development.

For progression, aim to add either weight or reps each week. A simple method: once you hit the upper end of the rep range for a given exercise in all sets, increase the weight the next session. For Squat and Deadlift, add 10 lbs each time until you plateau, then reduce to 5 lbs increments. For Bench Press and OHP, aim to add 5 lbs each session. For accessory lifts, increase in the smallest possible increment.",['Advanced'],['Powerlifting'],Full Gym,12.0,90.0,7.0,1.0,7.0,Bicep Curl (EZ Bar),3.0,-900.0,8.0,2024-11-18 11:11:00,2025-06-29 06:04:00
Optimized PHUL (Power Hypertrophy Upper Lower),"The goal of these revisions is to make the PHUL program more beginner-friendly by slightly altering exercise selection and rearranging the lower body days to better support recovery and sustainability. With proper attention to diet and recovery, athletes of all levels should see noticeable gains in strength and hypertrophy.

Deadlifts moved to the Lower Hypertrophy Day to optimize recovery.

Exercise order has been adjusted to accommodate this change, and calf volume has been slightly reduced.

Front squats have been replaced with Hack Squats for a better quad stimulus with less overall fatigue and a more manageable movement pattern.

Ab work has been added to each lower body day, which is optional but recommended for balanced core development.

For progression, aim to add either weight or reps each week. A simple method: once you hit the upper end of the rep range for a given exercise in all sets, increase the weight the next session. For Squat and Deadlift, add 10 lbs each time until you plateau, then reduce to 5 lbs increments. For Bench Press and OHP, aim to add 5 lbs each session. For accessory lifts, increase in the smallest possible increment.",['Advanced'],['Powerlifting'],Full Gym,12.0,90.0,7.0,1.0,7.0,Skull Crusher (Barbell),3.0,10.0,8.0,2024-11-18 11:11:00,2025-06-29 06:04:00
Optimized PHUL (Power Hypertrophy Upper Lower),"The goal of these revisions is to make the PHUL program more beginner-friendly by slightly altering exercise selection and rearranging the lower body days to better support recovery and sustainability. With proper attention to diet and recovery, athletes of all levels should see noticeable gains in strength and hypertrophy.

Deadlifts moved to the Lower Hypertrophy Day to optimize recovery.

Exercise order has been adjusted to accommodate this change, and calf volume has been slightly reduced.

Front squats have been replaced with Hack Squats for a better quad stimulus with less overall fatigue and a more manageable movement pattern.

Ab work has been added to each lower body day, which is optional but recommended for balanced core development.

For progression, aim to add either weight or reps each week. A simple method: once you hit the upper end of the rep range for a given exercise in all sets, increase the weight the next session. For Squat and Deadlift, add 10 lbs each time until you plateau, then reduce to 5 lbs increments. For Bench Press and OHP, aim to add 5 lbs each session. For accessory lifts, increase in the smallest possible increment.",['Advanced'],['Powerlifting'],Full Gym,12.0,90.0,7.0,2.0,6.0,Squat (Barbell),3.0,9.0,8.0,2024-11-18 11:11:00,2025-06-29 06:04:00
Optimized PHUL (Power Hypertrophy Upper Lower),"The goal of these revisions is to make the PHUL program more beginner-friendly by slightly altering exercise selection and rearranging the lower body days to better support recovery and sustainability. With proper attention to diet and recovery, athletes of all levels should see noticeable gains in strength and hypertrophy.

Deadlifts moved to the Lower Hypertrophy Day to optimize recovery.

Exercise order has been adjusted to accommodate this change, and calf volume has been slightly reduced.

Front squats have been replaced with Hack Squats for a better quad stimulus with less overall fatigue and a more manageable movement pattern.

Ab work has been added to each lower body day, which is optional but recommended for balanced core development.

For progression, aim to add either weight or reps each week. A simple method: once you hit the upper end of the rep range for a given exercise in all sets, increase the weight the next session. For Squat and Deadlift, add 10 lbs each time until you plateau, then reduce to 5 lbs increments. For Bench Press and OHP, aim to add 5 lbs each session. For accessory lifts, increase in the smallest possible increment.",['Advanced'],['Powerlifting'],Full Gym,12.0,90.0,7.0,2.0,6.0,Leg Press,3.0,10.0,7.0,2024-11-18 11:11:00,2025-06-29 06:04:00
Optimized PHUL (Power Hypertrophy Upper Lower),"The goal of these revisions is to make the PHUL program more beginner-friendly by slightly altering exercise selection and rearranging the lower body days to better support recovery and sustainability. With proper attention to diet and recovery, athletes of all levels should see noticeable gains in strength and hypertrophy.

Deadlifts moved to the Lower Hypertrophy Day to optimize recovery.

Exercise order has been adjusted to accommodate this change, and calf volume has been slightly reduced.

Front squats have been replaced with Hack Squats for a better quad stimulus with less overall fatigue and a more manageable movement pattern.

Ab work has been added to each lower body day, which is optional but recommended for balanced core development.

For progression, aim to add either weight or reps each week. A simple method: once you hit the upper end of the rep range for a given exercise in all sets, increase the weight the next session. For Squat and Deadlift, add 10 lbs each time until you plateau, then reduce to 5 lbs increments. For Bench Press and OHP, aim to add 5 lbs each session. For accessory lifts, increase in the smallest possible increment.",['Advanced'],['Powerlifting'],Full Gym,12.0,90.0,7.0,2.0,6.0,Seated Hamstring Curl,3.0,12.0,8.0,2024-11-18 11:11:00,2025-06-29 06:04:00
Optimized PHUL (Power Hypertrophy Upper Lower),"The goal of these revisions is to make the PHUL program more beginner-friendly by slightly altering exercise selection and rearranging the lower body days to better support recovery and sustainability. With proper attention to diet and recovery, athletes of all levels should see noticeable gains in strength and hypertrophy.

Deadlifts moved to the Lower Hypertrophy Day to optimize recovery.

Exercise order has been adjusted to accommodate this change, and calf volume has been slightly reduced.

Front squats have been replaced with Hack Squats for a better quad stimulus with less overall fatigue and a more manageable movement pattern.

Ab work has been added to each lower body day, which is optional but recommended for balanced core development.

For progression, aim to add either weight or reps each week. A simple method: once you hit the upper end of the rep range for a given exercise in all sets, increase the weight the next session. For Squat and Deadlift, add 10 lbs each time until you plateau, then reduce to 5 lbs increments. For Bench Press and OHP, aim to add 5 lbs each session. For accessory lifts, increase in the smallest possible increment.",['Advanced'],['Powerlifting'],Full Gym,12.0,90.0,7.0,2.0,6.0,Leg Extension,3.0,20.0,7.0,2024-11-18 11:11:00,2025-06-29 06:04:00
Optimized PHUL (Power Hypertrophy Upper Lower),"The goal of these revisions is to make the PHUL program more beginner-friendly by slightly altering exercise selection and rearranging the lower body days to better support recovery and sustainability. With proper attention to diet and recovery, athletes of all levels should see noticeable gains in strength and hypertrophy.

Deadlifts moved to the Lower Hypertrophy Day to optimize recovery.

Exercise order has been adjusted to accommodate this change, and calf volume has been slightly reduced.

Front squats have been replaced with Hack Squats for a better quad stimulus with less overall fatigue and a more manageable movement pattern.

Ab work has been added to each lower body day, which is optional but recommended for balanced core development.

For progression, aim to add either weight or reps each week. A simple method: once you hit the upper end of the rep range for a given exercise in all sets, increase the weight the next session. For Squat and Deadlift, add 10 lbs each time until you plateau, then reduce to 5 lbs increments. For Bench Press and OHP, aim to add 5 lbs each session. For accessory lifts, increase in the smallest possible increment.",['Advanced'],['Powerlifting'],Full Gym,12.0,90.0,7.0,2.0,6.0,Seated Calf Raise,4.0,5.0,8.0,2024-11-18 11:11:00,2025-06-29 06:04:00
Optimized PHUL (Power Hypertrophy Upper Lower),"The goal of these revisions is to make the PHUL program more beginner-friendly by slightly altering exercise selection and rearranging the lower body days to better support recovery and sustainability. With proper attention to diet and recovery, athletes of all levels should see noticeable gains in strength and hypertrophy.

Deadlifts moved to the Lower Hypertrophy Day to optimize recovery.

Exercise order has been adjusted to accommodate this change, and calf volume has been slightly reduced.

Front squats have been replaced with Hack Squats for a better quad stimulus with less overall fatigue and a more manageable movement pattern.

Ab work has been added to each lower body day, which is optional but recommended for balanced core development.

For progression, aim to add either weight or reps each week. A simple method: once you hit the upper end of the rep range for a given exercise in all sets, increase the weight the next session. For Squat and Deadlift, add 10 lbs each time until you plateau, then reduce to 5 lbs increments. For Bench Press and OHP, aim to add 5 lbs each session. For accessory lifts, increase in the smallest possible increment.",['Advanced'],['Powerlifting'],Full Gym,12.0,90.0,7.0,2.0,6.0,Abs Crunch (Machine),4.0,10.0,9.0,2024-11-18 11:11:00,2025-06-29 06:04:00
Optimized PHUL (Power Hypertrophy Upper Lower),"The goal of these revisions is to make the PHUL program more beginner-friendly by slightly altering exercise selection and rearranging the lower body days to better support recovery and sustainability. With proper attention to diet and recovery, athletes of all levels should see noticeable gains in strength and hypertrophy.

Deadlifts moved to the Lower Hypertrophy Day to optimize recovery.

Exercise order has been adjusted to accommodate this change, and calf volume has been slightly reduced.

Front squats have been replaced with Hack Squats for a better quad stimulus with less overall fatigue and a more manageable movement pattern.

Ab work has been added to each lower body day, which is optional but recommended for balanced core development.

For progression, aim to add either weight or reps each week. A simple method: once you hit the upper end of the rep range for a given exercise in all sets, increase the weight the next session. For Squat and Deadlift, add 10 lbs each time until you plateau, then reduce to 5 lbs increments. For Bench Press and OHP, aim to add 5 lbs each session. For accessory lifts, increase in the smallest possible increment.",['Advanced'],['Powerlifting'],Full Gym,12.0,90.0,7.0,3.0,7.0,Incline Bench Press (Barbell),3.0,12.0,8.0,2024-11-18 11:11:00,2025-06-29 06:04:00
Optimized PHUL (Power Hypertrophy Upper Lower),"The goal of these revisions is to make the PHUL program more beginner-friendly by slightly altering exercise selection and rearranging the lower body days to better support recovery and sustainability. With proper attention to diet and recovery, athletes of all levels should see noticeable gains in strength and hypertrophy.

Deadlifts moved to the Lower Hypertrophy Day to optimize recovery.

Exercise order has been adjusted to accommodate this change, and calf volume has been slightly reduced.

Front squats have been replaced with Hack Squats for a better quad stimulus with less overall fatigue and a more manageable movement pattern.

Ab work has been added to each lower body day, which is optional but recommended for balanced core development.

For progression, aim to add either weight or reps each week. A simple method: once you hit the upper end of the rep range for a given exercise in all sets, increase the weight the next session. For Squat and Deadlift, add 10 lbs each time until you plateau, then reduce to 5 lbs increments. For Bench Press and OHP, aim to add 5 lbs each session. For accessory lifts, increase in the smallest possible increment.",['Advanced'],['Powerlifting'],Full Gym,12.0,90.0,7.0,3.0,7.0,Chest Fly (Machine),3.0,20.0,8.0,2024-11-18 11:11:00,2025-06-29 06:04:00
Optimized PHUL (Power Hypertrophy Upper Lower),"The goal of these revisions is to make the PHUL program more beginner-friendly by slightly altering exercise selection and rearranging the lower body days to better support recovery and sustainability. With proper attention to diet and recovery, athletes of all levels should see noticeable gains in strength and hypertrophy.

Deadlifts moved to the Lower Hypertrophy Day to optimize recovery.

Exercise order has been adjusted to accommodate this change, and calf volume has been slightly reduced.

Front squats have been replaced with Hack Squats for a better quad stimulus with less overall fatigue and a more manageable movement pattern.

Ab work has been added to each lower body day, which is optional but recommended for balanced core development.

For progression, aim to add either weight or reps each week. A simple method: once you hit the upper end of the rep range for a given exercise in all sets, increase the weight the next session. For Squat and Deadlift, add 10 lbs each time until you plateau, then reduce to 5 lbs increments. For Bench Press and OHP, aim to add 5 lbs each session. For accessory lifts, increase in the smallest possible increment.",['Advanced'],['Powerlifting'],Full Gym,12.0,90.0,7.0,3.0,7.0,Seated Row (Cable),3.0,-1200.0,8.0,2024-11-18 11:11:00,2025-06-29 06:04:00
Optimized PHUL (Power Hypertrophy Upper Lower),"The goal of these revisions is to make the PHUL program more beginner-friendly by slightly altering exercise selection and rearranging the lower body days to better support recovery and sustainability. With proper attention to diet and recovery, athletes of all levels should see noticeable gains in strength and hypertrophy.

Deadlifts moved to the Lower Hypertrophy Day to optimize recovery.

Exercise order has been adjusted to accommodate this change, and calf volume has been slightly reduced.

Front squats have been replaced with Hack Squats for a better quad stimulus with less overall fatigue and a more manageable movement pattern.

Ab work has been added to each lower body day, which is optional but recommended for balanced core development.

For progression, aim to add either weight or reps each week. A simple method: once you hit the upper end of the rep range for a given exercise in all sets, increase the weight the next session. For Squat and Deadlift, add 10 lbs each time until you plateau, then reduce to 5 lbs increments. For Bench Press and OHP, aim to add 5 lbs each session. For accessory lifts, increase in the smallest possible increment.",['Advanced'],['Powerlifting'],Full Gym,12.0,90.0,7.0,3.0,7.0,Single Arm Row (Dumbbell),3.0,5.0,8.0,2024-11-18 11:11:00,2025-06-29 06:04:00
Optimized PHUL (Power Hypertrophy Upper Lower),"The goal of these revisions is to make the PHUL program more beginner-friendly by slightly altering exercise selection and rearranging the lower body days to better support recovery and sustainability. With proper attention to diet and recovery, athletes of all levels should see noticeable gains in strength and hypertrophy.

Deadlifts moved to the Lower Hypertrophy Day to optimize recovery.

Exercise order has been adjusted to accommodate this change, and calf volume has been slightly reduced.

Front squats have been replaced with Hack Squats for a better quad stimulus with less overall fatigue and a more manageable movement pattern.

Ab work has been added to each lower body day, which is optional but recommended for balanced core development.

For progression, aim to add either weight or reps each week. A simple method: once you hit the upper end of the rep range for a given exercise in all sets, increase the weight the next session. For Squat and Deadlift, add 10 lbs each time until you plateau, then reduce to 5 lbs increments. For Bench Press and OHP, aim to add 5 lbs each session. For accessory lifts, increase in the smallest possible increment.",['Advanced'],['Powerlifting'],Full Gym,12.0,90.0,7.0,3.0,7.0,Lateral Raise (Dumbbell),3.0,9.0,8.0,2024-11-18 11:11:00,2025-06-29 06:04:00
Optimized PHUL (Power Hypertrophy Upper Lower),"The goal of these revisions is to make the PHUL program more beginner-friendly by slightly altering exercise selection and rearranging the lower body days to better support recovery and sustainability. With proper attention to diet and recovery, athletes of all levels should see noticeable gains in strength and hypertrophy.

Deadlifts moved to the Lower Hypertrophy Day to optimize recovery.

Exercise order has been adjusted to accommodate this change, and calf volume has been slightly reduced.

Front squats have been replaced with Hack Squats for a better quad stimulus with less overall fatigue and a more manageable movement pattern.

Ab work has been added to each lower body day, which is optional but recommended for balanced core development.

For progression, aim to add either weight or reps each week. A simple method: once you hit the upper end of the rep range for a given exercise in all sets, increase the weight the next session. For Squat and Deadlift, add 10 lbs each time until you plateau, then reduce to 5 lbs increments. For Bench Press and OHP, aim to add 5 lbs each session. For accessory lifts, increase in the smallest possible increment.",['Advanced'],['Powerlifting'],Full Gym,12.0,90.0,7.0,3.0,7.0,Incline Curl (Dumbbell),3.0,12.0,8.0,2024-11-18 11:11:00,2025-06-29 06:04:00
Optimized PHUL (Power Hypertrophy Upper Lower),"The goal of these revisions is to make the PHUL program more beginner-friendly by slightly altering exercise selection and rearranging the lower body days to better support recovery and sustainability. With proper attention to diet and recovery, athletes of all levels should see noticeable gains in strength and hypertrophy.

Deadlifts moved to the Lower Hypertrophy Day to optimize recovery.

Exercise order has been adjusted to accommodate this change, and calf volume has been slightly reduced.

Front squats have been replaced with Hack Squats for a better quad stimulus with less overall fatigue and a more manageable movement pattern.

Ab work has been added to each lower body day, which is optional but recommended for balanced core development.

For progression, aim to add either weight or reps each week. A simple method: once you hit the upper end of the rep range for a given exercise in all sets, increase the weight the next session. For Squat and Deadlift, add 10 lbs each time until you plateau, then reduce to 5 lbs increments. For Bench Press and OHP, aim to add 5 lbs each session. For accessory lifts, increase in the smallest possible increment.",['Advanced'],['Powerlifting'],Full Gym,12.0,90.0,7.0,3.0,7.0,Tricep Extension (Cable),3.0,12.0,8.0,2024-11-18 11:11:00,2025-06-29 06:04:00
Optimized PHUL (Power Hypertrophy Upper Lower),"The goal of these revisions is to make the PHUL program more beginner-friendly by slightly altering exercise selection and rearranging the lower body days to better support recovery and sustainability. With proper attention to diet and recovery, athletes of all levels should see noticeable gains in strength and hypertrophy.

Deadlifts moved to the Lower Hypertrophy Day to optimize recovery.

Exercise order has been adjusted to accommodate this change, and calf volume has been slightly reduced.

Front squats have been replaced with Hack Squats for a better quad stimulus with less overall fatigue and a more manageable movement pattern.

Ab work has been added to each lower body day, which is optional but recommended for balanced core development.

For progression, aim to add either weight or reps each week. A simple method: once you hit the upper end of the rep range for a given exercise in all sets, increase the weight the next session. For Squat and Deadlift, add 10 lbs each time until you plateau, then reduce to 5 lbs increments. For Bench Press and OHP, aim to add 5 lbs each session. For accessory lifts, increase in the smallest possible increment.",['Advanced'],['Powerlifting'],Full Gym,12.0,90.0,7.0,4.0,6.0,Deadlift (Barbell),3.0,10.0,8.0,2024-11-18 11:11:00,2025-06-29 06:04:00
Optimized PHUL (Power Hypertrophy Upper Lower),"The goal of these revisions is to make the PHUL program more beginner-friendly by slightly altering exercise selection and rearranging the lower body days to better support recovery and sustainability. With proper attention to diet and recovery, athletes of all levels should see noticeable gains in strength and hypertrophy.

Deadlifts moved to the Lower Hypertrophy Day to optimize recovery.

Exercise order has been adjusted to accommodate this change, and calf volume has been slightly reduced.

Front squats have been replaced with Hack Squats for a better quad stimulus with less overall fatigue and a more manageable movement pattern.

Ab work has been added to each lower body day, which is optional but recommended for balanced core development.

For progression, aim to add either weight or reps each week. A simple method: once you hit the upper end of the rep range for a given exercise in all sets, increase the weight the next session. For Squat and Deadlift, add 10 lbs each time until you plateau, then reduce to 5 lbs increments. For Bench Press and OHP, aim to add 5 lbs each session. For accessory lifts, increase in the smallest possible increment.",['Advanced'],['Powerlifting'],Full Gym,12.0,90.0,7.0,4.0,6.0,Hack Squat,3.0,6.0,8.0,2024-11-18 11:11:00,2025-06-29 06:04:00
Optimized PHUL (Power Hypertrophy Upper Lower),"The goal of these revisions is to make the PHUL program more beginner-friendly by slightly altering exercise selection and rearranging the lower body days to better support recovery and sustainability. With proper attention to diet and recovery, athletes of all levels should see noticeable gains in strength and hypertrophy.

Deadlifts moved to the Lower Hypertrophy Day to optimize recovery.

Exercise order has been adjusted to accommodate this change, and calf volume has been slightly reduced.

Front squats have been replaced with Hack Squats for a better quad stimulus with less overall fatigue and a more manageable movement pattern.

Ab work has been added to each lower body day, which is optional but recommended for balanced core development.

For progression, aim to add either weight or reps each week. A simple method: once you hit the upper end of the rep range for a given exercise in all sets, increase the weight the next session. For Squat and Deadlift, add 10 lbs each time until you plateau, then reduce to 5 lbs increments. For Bench Press and OHP, aim to add 5 lbs each session. For accessory lifts, increase in the smallest possible increment.",['Advanced'],['Powerlifting'],Full Gym,12.0,90.0,7.0,4.0,6.0,Reverse Lunge (Barbell),3.0,10.0,8.0,2024-11-18 11:11:00,2025-06-29 06:04:00
Optimized PHUL (Power Hypertrophy Upper Lower),"The goal of these revisions is to make the PHUL program more beginner-friendly by slightly altering exercise selection and rearranging the lower body days to better support recovery and sustainability. With proper attention to diet and recovery, athletes of all levels should see noticeable gains in strength and hypertrophy.

Deadlifts moved to the Lower Hypertrophy Day to optimize recovery.

Exercise order has been adjusted to accommodate this change, and calf volume has been slightly reduced.

Front squats have been replaced with Hack Squats for a better quad stimulus with less overall fatigue and a more manageable movement pattern.

Ab work has been added to each lower body day, which is optional but recommended for balanced core development.

For progression, aim to add either weight or reps each week. A simple method: once you hit the upper end of the rep range for a given exercise in all sets, increase the weight the next session. For Squat and Deadlift, add 10 lbs each time until you plateau, then reduce to 5 lbs increments. For Bench Press and OHP, aim to add 5 lbs each session. For accessory lifts, increase in the smallest possible increment.",['Advanced'],['Powerlifting'],Full Gym,12.0,90.0,7.0,4.0,6.0,Seated Hamstring Curl,3.0,20.0,6.0,2024-11-18 11:11:00,2025-06-29 06:04:00
Optimized PHUL (Power Hypertrophy Upper Lower),"The goal of these revisions is to make the PHUL program more beginner-friendly by slightly altering exercise selection and rearranging the lower body days to better support recovery and sustainability. With proper attention to diet and recovery, athletes of all levels should see noticeable gains in strength and hypertrophy.

Deadlifts moved to the Lower Hypertrophy Day to optimize recovery.

Exercise order has been adjusted to accommodate this change, and calf volume has been slightly reduced.

Front squats have been replaced with Hack Squats for a better quad stimulus with less overall fatigue and a more manageable movement pattern.

Ab work has been added to each lower body day, which is optional but recommended for balanced core development.

For progression, aim to add either weight or reps each week. A simple method: once you hit the upper end of the rep range for a given exercise in all sets, increase the weight the next session. For Squat and Deadlift, add 10 lbs each time until you plateau, then reduce to 5 lbs increments. For Bench Press and OHP, aim to add 5 lbs each session. For accessory lifts, increase in the smallest possible increment.",['Advanced'],['Powerlifting'],Full Gym,12.0,90.0,7.0,4.0,6.0,Standing Calf Raise,4.0,15.0,8.0,2024-11-18 11:11:00,2025-06-29 06:04:00
Optimized PHUL (Power Hypertrophy Upper Lower),"The goal of these revisions is to make the PHUL program more beginner-friendly by slightly altering exercise selection and rearranging the lower body days to better support recovery and sustainability. With proper attention to diet and recovery, athletes of all levels should see noticeable gains in strength and hypertrophy.

Deadlifts moved to the Lower Hypertrophy Day to optimize recovery.

Exercise order has been adjusted to accommodate this change, and calf volume has been slightly reduced.

Front squats have been replaced with Hack Squats for a better quad stimulus with less overall fatigue and a more manageable movement pattern.

Ab work has been added to each lower body day, which is optional but recommended for balanced core development.

For progression, aim to add either weight or reps each week. A simple method: once you hit the upper end of the rep range for a given exercise in all sets, increase the weight the next session. For Squat and Deadlift, add 10 lbs each time until you plateau, then reduce to 5 lbs increments. For Bench Press and OHP, aim to add 5 lbs each session. For accessory lifts, increase in the smallest possible increment.",['Advanced'],['Powerlifting'],Full Gym,12.0,90.0,7.0,4.0,6.0,Abs Crunch (Machine),4.0,-900.0,7.0,2024-11-18 11:11:00,2025-06-29 06:04:00
Optimized PHUL (Power Hypertrophy Upper Lower),"The goal of these revisions is to make the PHUL program more beginner-friendly by slightly altering exercise selection and rearranging the lower body days to better support recovery and sustainability. With proper attention to diet and recovery, athletes of all levels should see noticeable gains in strength and hypertrophy.

Deadlifts moved to the Lower Hypertrophy Day to optimize recovery.

Exercise order has been adjusted to accommodate this change, and calf volume has been slightly reduced.

Front squats have been replaced with Hack Squats for a better quad stimulus with less overall fatigue and a more manageable movement pattern.

Ab work has been added to each lower body day, which is optional but recommended for balanced core development.

For progression, aim to add either weight or reps each week. A simple method: once you hit the upper end of the rep range for a given exercise in all sets, increase the weight the next session. For Squat and Deadlift, add 10 lbs each time until you plateau, then reduce to 5 lbs increments. For Bench Press and OHP, aim to add 5 lbs each session. For accessory lifts, increase in the smallest possible increment.",['Advanced'],['Powerlifting'],Full Gym,12.0,90.0,8.0,1.0,7.0,Bench Press (Barbell),3.0,10.0,7.0,2024-11-18 11:11:00,2025-06-29 06:04:00
Optimized PHUL (Power Hypertrophy Upper Lower),"The goal of these revisions is to make the PHUL program more beginner-friendly by slightly altering exercise selection and rearranging the lower body days to better support recovery and sustainability. With proper attention to diet and recovery, athletes of all levels should see noticeable gains in strength and hypertrophy.

Deadlifts moved to the Lower Hypertrophy Day to optimize recovery.

Exercise order has been adjusted to accommodate this change, and calf volume has been slightly reduced.

Front squats have been replaced with Hack Squats for a better quad stimulus with less overall fatigue and a more manageable movement pattern.

Ab work has been added to each lower body day, which is optional but recommended for balanced core development.

For progression, aim to add either weight or reps each week. A simple method: once you hit the upper end of the rep range for a given exercise in all sets, increase the weight the next session. For Squat and Deadlift, add 10 lbs each time until you plateau, then reduce to 5 lbs increments. For Bench Press and OHP, aim to add 5 lbs each session. For accessory lifts, increase in the smallest possible increment.",['Advanced'],['Powerlifting'],Full Gym,12.0,90.0,8.0,1.0,7.0,Incline Chest Press (Machine),3.0,9.0,9.0,2024-11-18 11:11:00,2025-06-29 06:04:00
Optimized PHUL (Power Hypertrophy Upper Lower),"The goal of these revisions is to make the PHUL program more beginner-friendly by slightly altering exercise selection and rearranging the lower body days to better support recovery and sustainability. With proper attention to diet and recovery, athletes of all levels should see noticeable gains in strength and hypertrophy.

Deadlifts moved to the Lower Hypertrophy Day to optimize recovery.

Exercise order has been adjusted to accommodate this change, and calf volume has been slightly reduced.

Front squats have been replaced with Hack Squats for a better quad stimulus with less overall fatigue and a more manageable movement pattern.

Ab work has been added to each lower body day, which is optional but recommended for balanced core development.

For progression, aim to add either weight or reps each week. A simple method: once you hit the upper end of the rep range for a given exercise in all sets, increase the weight the next session. For Squat and Deadlift, add 10 lbs each time until you plateau, then reduce to 5 lbs increments. For Bench Press and OHP, aim to add 5 lbs each session. For accessory lifts, increase in the smallest possible increment.",['Advanced'],['Powerlifting'],Full Gym,12.0,90.0,8.0,1.0,7.0,Bent Over Row (Barbell),3.0,10.0,8.0,2024-11-18 11:11:00,2025-06-29 06:04:00
Optimized PHUL (Power Hypertrophy Upper Lower),"The goal of these revisions is to make the PHUL program more beginner-friendly by slightly altering exercise selection and rearranging the lower body days to better support recovery and sustainability. With proper attention to diet and recovery, athletes of all levels should see noticeable gains in strength and hypertrophy.

Deadlifts moved to the Lower Hypertrophy Day to optimize recovery.

Exercise order has been adjusted to accommodate this change, and calf volume has been slightly reduced.

Front squats have been replaced with Hack Squats for a better quad stimulus with less overall fatigue and a more manageable movement pattern.

Ab work has been added to each lower body day, which is optional but recommended for balanced core development.

For progression, aim to add either weight or reps each week. A simple method: once you hit the upper end of the rep range for a given exercise in all sets, increase the weight the next session. For Squat and Deadlift, add 10 lbs each time until you plateau, then reduce to 5 lbs increments. For Bench Press and OHP, aim to add 5 lbs each session. For accessory lifts, increase in the smallest possible increment.",['Advanced'],['Powerlifting'],Full Gym,12.0,90.0,8.0,1.0,7.0,Lat Pulldown,3.0,12.0,8.0,2024-11-18 11:11:00,2025-06-29 06:04:00
Optimized PHUL (Power Hypertrophy Upper Lower),"The goal of these revisions is to make the PHUL program more beginner-friendly by slightly altering exercise selection and rearranging the lower body days to better support recovery and sustainability. With proper attention to diet and recovery, athletes of all levels should see noticeable gains in strength and hypertrophy.

Deadlifts moved to the Lower Hypertrophy Day to optimize recovery.

Exercise order has been adjusted to accommodate this change, and calf volume has been slightly reduced.

Front squats have been replaced with Hack Squats for a better quad stimulus with less overall fatigue and a more manageable movement pattern.

Ab work has been added to each lower body day, which is optional but recommended for balanced core development.

For progression, aim to add either weight or reps each week. A simple method: once you hit the upper end of the rep range for a given exercise in all sets, increase the weight the next session. For Squat and Deadlift, add 10 lbs each time until you plateau, then reduce to 5 lbs increments. For Bench Press and OHP, aim to add 5 lbs each session. For accessory lifts, increase in the smallest possible increment.",['Advanced'],['Powerlifting'],Full Gym,12.0,90.0,8.0,1.0,7.0,Overhead Press (Barbell),3.0,20.0,8.0,2024-11-18 11:11:00,2025-06-29 06:04:00
Optimized PHUL (Power Hypertrophy Upper Lower),"The goal of these revisions is to make the PHUL program more beginner-friendly by slightly altering exercise selection and rearranging the lower body days to better support recovery and sustainability. With proper attention to diet and recovery, athletes of all levels should see noticeable gains in strength and hypertrophy.

Deadlifts moved to the Lower Hypertrophy Day to optimize recovery.

Exercise order has been adjusted to accommodate this change, and calf volume has been slightly reduced.

Front squats have been replaced with Hack Squats for a better quad stimulus with less overall fatigue and a more manageable movement pattern.

Ab work has been added to each lower body day, which is optional but recommended for balanced core development.

For progression, aim to add either weight or reps each week. A simple method: once you hit the upper end of the rep range for a given exercise in all sets, increase the weight the next session. For Squat and Deadlift, add 10 lbs each time until you plateau, then reduce to 5 lbs increments. For Bench Press and OHP, aim to add 5 lbs each session. For accessory lifts, increase in the smallest possible increment.",['Advanced'],['Powerlifting'],Full Gym,12.0,90.0,8.0,1.0,7.0,Bicep Curl (EZ Bar),3.0,5.0,8.0,2024-11-18 11:11:00,2025-06-29 06:04:00
Optimized PHUL (Power Hypertrophy Upper Lower),"The goal of these revisions is to make the PHUL program more beginner-friendly by slightly altering exercise selection and rearranging the lower body days to better support recovery and sustainability. With proper attention to diet and recovery, athletes of all levels should see noticeable gains in strength and hypertrophy.

Deadlifts moved to the Lower Hypertrophy Day to optimize recovery.

Exercise order has been adjusted to accommodate this change, and calf volume has been slightly reduced.

Front squats have been replaced with Hack Squats for a better quad stimulus with less overall fatigue and a more manageable movement pattern.

Ab work has been added to each lower body day, which is optional but recommended for balanced core development.

For progression, aim to add either weight or reps each week. A simple method: once you hit the upper end of the rep range for a given exercise in all sets, increase the weight the next session. For Squat and Deadlift, add 10 lbs each time until you plateau, then reduce to 5 lbs increments. For Bench Press and OHP, aim to add 5 lbs each session. For accessory lifts, increase in the smallest possible increment.",['Advanced'],['Powerlifting'],Full Gym,12.0,90.0,8.0,1.0,7.0,Skull Crusher (Barbell),3.0,10.0,8.0,2024-11-18 11:11:00,2025-06-29 06:04:00
Optimized PHUL (Power Hypertrophy Upper Lower),"The goal of these revisions is to make the PHUL program more beginner-friendly by slightly altering exercise selection and rearranging the lower body days to better support recovery and sustainability. With proper attention to diet and recovery, athletes of all levels should see noticeable gains in strength and hypertrophy.

Deadlifts moved to the Lower Hypertrophy Day to optimize recovery.

Exercise order has been adjusted to accommodate this change, and calf volume has been slightly reduced.

Front squats have been replaced with Hack Squats for a better quad stimulus with less overall fatigue and a more manageable movement pattern.

Ab work has been added to each lower body day, which is optional but recommended for balanced core development.

For progression, aim to add either weight or reps each week. A simple method: once you hit the upper end of the rep range for a given exercise in all sets, increase the weight the next session. For Squat and Deadlift, add 10 lbs each time until you plateau, then reduce to 5 lbs increments. For Bench Press and OHP, aim to add 5 lbs each session. For accessory lifts, increase in the smallest possible increment.",['Advanced'],['Powerlifting'],Full Gym,12.0,90.0,8.0,2.0,6.0,Squat (Barbell),3.0,12.0,8.0,2024-11-18 11:11:00,2025-06-29 06:04:00
Optimized PHUL (Power Hypertrophy Upper Lower),"The goal of these revisions is to make the PHUL program more beginner-friendly by slightly altering exercise selection and rearranging the lower body days to better support recovery and sustainability. With proper attention to diet and recovery, athletes of all levels should see noticeable gains in strength and hypertrophy.

Deadlifts moved to the Lower Hypertrophy Day to optimize recovery.

Exercise order has been adjusted to accommodate this change, and calf volume has been slightly reduced.

Front squats have been replaced with Hack Squats for a better quad stimulus with less overall fatigue and a more manageable movement pattern.

Ab work has been added to each lower body day, which is optional but recommended for balanced core development.

For progression, aim to add either weight or reps each week. A simple method: once you hit the upper end of the rep range for a given exercise in all sets, increase the weight the next session. For Squat and Deadlift, add 10 lbs each time until you plateau, then reduce to 5 lbs increments. For Bench Press and OHP, aim to add 5 lbs each session. For accessory lifts, increase in the smallest possible increment.",['Advanced'],['Powerlifting'],Full Gym,12.0,90.0,8.0,2.0,6.0,Leg Press,3.0,20.0,8.0,2024-11-18 11:11:00,2025-06-29 06:04:00
Optimized PHUL (Power Hypertrophy Upper Lower),"The goal of these revisions is to make the PHUL program more beginner-friendly by slightly altering exercise selection and rearranging the lower body days to better support recovery and sustainability. With proper attention to diet and recovery, athletes of all levels should see noticeable gains in strength and hypertrophy.

Deadlifts moved to the Lower Hypertrophy Day to optimize recovery.

Exercise order has been adjusted to accommodate this change, and calf volume has been slightly reduced.

Front squats have been replaced with Hack Squats for a better quad stimulus with less overall fatigue and a more manageable movement pattern.

Ab work has been added to each lower body day, which is optional but recommended for balanced core development.

For progression, aim to add either weight or reps each week. A simple method: once you hit the upper end of the rep range for a given exercise in all sets, increase the weight the next session. For Squat and Deadlift, add 10 lbs each time until you plateau, then reduce to 5 lbs increments. For Bench Press and OHP, aim to add 5 lbs each session. For accessory lifts, increase in the smallest possible increment.",['Advanced'],['Powerlifting'],Full Gym,12.0,90.0,8.0,2.0,6.0,Seated Hamstring Curl,3.0,-1200.0,9.0,2024-11-18 11:11:00,2025-06-29 06:04:00
Optimized PHUL (Power Hypertrophy Upper Lower),"The goal of these revisions is to make the PHUL program more beginner-friendly by slightly altering exercise selection and rearranging the lower body days to better support recovery and sustainability. With proper attention to diet and recovery, athletes of all levels should see noticeable gains in strength and hypertrophy.

Deadlifts moved to the Lower Hypertrophy Day to optimize recovery.

Exercise order has been adjusted to accommodate this change, and calf volume has been slightly reduced.

Front squats have been replaced with Hack Squats for a better quad stimulus with less overall fatigue and a more manageable movement pattern.

Ab work has been added to each lower body day, which is optional but recommended for balanced core development.

For progression, aim to add either weight or reps each week. A simple method: once you hit the upper end of the rep range for a given exercise in all sets, increase the weight the next session. For Squat and Deadlift, add 10 lbs each time until you plateau, then reduce to 5 lbs increments. For Bench Press and OHP, aim to add 5 lbs each session. For accessory lifts, increase in the smallest possible increment.",['Advanced'],['Powerlifting'],Full Gym,12.0,90.0,8.0,2.0,6.0,Leg Extension,3.0,15.0,8.0,2024-11-18 11:11:00,2025-06-29 06:04:00
Optimized PHUL (Power Hypertrophy Upper Lower),"The goal of these revisions is to make the PHUL program more beginner-friendly by slightly altering exercise selection and rearranging the lower body days to better support recovery and sustainability. With proper attention to diet and recovery, athletes of all levels should see noticeable gains in strength and hypertrophy.

Deadlifts moved to the Lower Hypertrophy Day to optimize recovery.

Exercise order has been adjusted to accommodate this change, and calf volume has been slightly reduced.

Front squats have been replaced with Hack Squats for a better quad stimulus with less overall fatigue and a more manageable movement pattern.

Ab work has been added to each lower body day, which is optional but recommended for balanced core development.

For progression, aim to add either weight or reps each week. A simple method: once you hit the upper end of the rep range for a given exercise in all sets, increase the weight the next session. For Squat and Deadlift, add 10 lbs each time until you plateau, then reduce to 5 lbs increments. For Bench Press and OHP, aim to add 5 lbs each session. For accessory lifts, increase in the smallest possible increment.",['Advanced'],['Powerlifting'],Full Gym,12.0,90.0,8.0,2.0,6.0,Seated Calf Raise,4.0,12.0,8.0,2024-11-18 11:11:00,2025-06-29 06:04:00
Optimized PHUL (Power Hypertrophy Upper Lower),"The goal of these revisions is to make the PHUL program more beginner-friendly by slightly altering exercise selection and rearranging the lower body days to better support recovery and sustainability. With proper attention to diet and recovery, athletes of all levels should see noticeable gains in strength and hypertrophy.

Deadlifts moved to the Lower Hypertrophy Day to optimize recovery.

Exercise order has been adjusted to accommodate this change, and calf volume has been slightly reduced.

Front squats have been replaced with Hack Squats for a better quad stimulus with less overall fatigue and a more manageable movement pattern.

Ab work has been added to each lower body day, which is optional but recommended for balanced core development.

For progression, aim to add either weight or reps each week. A simple method: once you hit the upper end of the rep range for a given exercise in all sets, increase the weight the next session. For Squat and Deadlift, add 10 lbs each time until you plateau, then reduce to 5 lbs increments. For Bench Press and OHP, aim to add 5 lbs each session. For accessory lifts, increase in the smallest possible increment.",['Advanced'],['Powerlifting'],Full Gym,12.0,90.0,8.0,2.0,6.0,Abs Crunch (Machine),4.0,15.0,8.0,2024-11-18 11:11:00,2025-06-29 06:04:00
Optimized PHUL (Power Hypertrophy Upper Lower),"The goal of these revisions is to make the PHUL program more beginner-friendly by slightly altering exercise selection and rearranging the lower body days to better support recovery and sustainability. With proper attention to diet and recovery, athletes of all levels should see noticeable gains in strength and hypertrophy.

Deadlifts moved to the Lower Hypertrophy Day to optimize recovery.

Exercise order has been adjusted to accommodate this change, and calf volume has been slightly reduced.

Front squats have been replaced with Hack Squats for a better quad stimulus with less overall fatigue and a more manageable movement pattern.

Ab work has been added to each lower body day, which is optional but recommended for balanced core development.

For progression, aim to add either weight or reps each week. A simple method: once you hit the upper end of the rep range for a given exercise in all sets, increase the weight the next session. For Squat and Deadlift, add 10 lbs each time until you plateau, then reduce to 5 lbs increments. For Bench Press and OHP, aim to add 5 lbs each session. For accessory lifts, increase in the smallest possible increment.",['Advanced'],['Powerlifting'],Full Gym,12.0,90.0,8.0,3.0,7.0,Incline Bench Press (Barbell),3.0,10.0,7.0,2024-11-18 11:11:00,2025-06-29 06:04:00
Optimized PHUL (Power Hypertrophy Upper Lower),"The goal of these revisions is to make the PHUL program more beginner-friendly by slightly altering exercise selection and rearranging the lower body days to better support recovery and sustainability. With proper attention to diet and recovery, athletes of all levels should see noticeable gains in strength and hypertrophy.

Deadlifts moved to the Lower Hypertrophy Day to optimize recovery.

Exercise order has been adjusted to accommodate this change, and calf volume has been slightly reduced.

Front squats have been replaced with Hack Squats for a better quad stimulus with less overall fatigue and a more manageable movement pattern.

Ab work has been added to each lower body day, which is optional but recommended for balanced core development.

For progression, aim to add either weight or reps each week. A simple method: once you hit the upper end of the rep range for a given exercise in all sets, increase the weight the next session. For Squat and Deadlift, add 10 lbs each time until you plateau, then reduce to 5 lbs increments. For Bench Press and OHP, aim to add 5 lbs each session. For accessory lifts, increase in the smallest possible increment.",['Advanced'],['Powerlifting'],Full Gym,12.0,90.0,8.0,3.0,7.0,Chest Fly (Machine),3.0,10.0,8.0,2024-11-18 11:11:00,2025-06-29 06:04:00
Optimized PHUL (Power Hypertrophy Upper Lower),"The goal of these revisions is to make the PHUL program more beginner-friendly by slightly altering exercise selection and rearranging the lower body days to better support recovery and sustainability. With proper attention to diet and recovery, athletes of all levels should see noticeable gains in strength and hypertrophy.

Deadlifts moved to the Lower Hypertrophy Day to optimize recovery.

Exercise order has been adjusted to accommodate this change, and calf volume has been slightly reduced.

Front squats have been replaced with Hack Squats for a better quad stimulus with less overall fatigue and a more manageable movement pattern.

Ab work has been added to each lower body day, which is optional but recommended for balanced core development.

For progression, aim to add either weight or reps each week. A simple method: once you hit the upper end of the rep range for a given exercise in all sets, increase the weight the next session. For Squat and Deadlift, add 10 lbs each time until you plateau, then reduce to 5 lbs increments. For Bench Press and OHP, aim to add 5 lbs each session. For accessory lifts, increase in the smallest possible increment.",['Advanced'],['Powerlifting'],Full Gym,12.0,90.0,8.0,3.0,7.0,Seated Row (Cable),3.0,10.0,7.0,2024-11-18 11:11:00,2025-06-29 06:04:00
Optimized PHUL (Power Hypertrophy Upper Lower),"The goal of these revisions is to make the PHUL program more beginner-friendly by slightly altering exercise selection and rearranging the lower body days to better support recovery and sustainability. With proper attention to diet and recovery, athletes of all levels should see noticeable gains in strength and hypertrophy.

Deadlifts moved to the Lower Hypertrophy Day to optimize recovery.

Exercise order has been adjusted to accommodate this change, and calf volume has been slightly reduced.

Front squats have been replaced with Hack Squats for a better quad stimulus with less overall fatigue and a more manageable movement pattern.

Ab work has been added to each lower body day, which is optional but recommended for balanced core development.

For progression, aim to add either weight or reps each week. A simple method: once you hit the upper end of the rep range for a given exercise in all sets, increase the weight the next session. For Squat and Deadlift, add 10 lbs each time until you plateau, then reduce to 5 lbs increments. For Bench Press and OHP, aim to add 5 lbs each session. For accessory lifts, increase in the smallest possible increment.",['Advanced'],['Powerlifting'],Full Gym,12.0,90.0,8.0,3.0,7.0,Single Arm Row (Dumbbell),3.0,10.0,9.0,2024-11-18 11:11:00,2025-06-29 06:04:00
Optimized PHUL (Power Hypertrophy Upper Lower),"The goal of these revisions is to make the PHUL program more beginner-friendly by slightly altering exercise selection and rearranging the lower body days to better support recovery and sustainability. With proper attention to diet and recovery, athletes of all levels should see noticeable gains in strength and hypertrophy.

Deadlifts moved to the Lower Hypertrophy Day to optimize recovery.

Exercise order has been adjusted to accommodate this change, and calf volume has been slightly reduced.

Front squats have been replaced with Hack Squats for a better quad stimulus with less overall fatigue and a more manageable movement pattern.

Ab work has been added to each lower body day, which is optional but recommended for balanced core development.

For progression, aim to add either weight or reps each week. A simple method: once you hit the upper end of the rep range for a given exercise in all sets, increase the weight the next session. For Squat and Deadlift, add 10 lbs each time until you plateau, then reduce to 5 lbs increments. For Bench Press and OHP, aim to add 5 lbs each session. For accessory lifts, increase in the smallest possible increment.",['Advanced'],['Powerlifting'],Full Gym,12.0,90.0,8.0,3.0,7.0,Lateral Raise (Dumbbell),3.0,10.0,8.0,2024-11-18 11:11:00,2025-06-29 06:04:00
Optimized PHUL (Power Hypertrophy Upper Lower),"The goal of these revisions is to make the PHUL program more beginner-friendly by slightly altering exercise selection and rearranging the lower body days to better support recovery and sustainability. With proper attention to diet and recovery, athletes of all levels should see noticeable gains in strength and hypertrophy.

Deadlifts moved to the Lower Hypertrophy Day to optimize recovery.

Exercise order has been adjusted to accommodate this change, and calf volume has been slightly reduced.

Front squats have been replaced with Hack Squats for a better quad stimulus with less overall fatigue and a more manageable movement pattern.

Ab work has been added to each lower body day, which is optional but recommended for balanced core development.

For progression, aim to add either weight or reps each week. A simple method: once you hit the upper end of the rep range for a given exercise in all sets, increase the weight the next session. For Squat and Deadlift, add 10 lbs each time until you plateau, then reduce to 5 lbs increments. For Bench Press and OHP, aim to add 5 lbs each session. For accessory lifts, increase in the smallest possible increment.",['Advanced'],['Powerlifting'],Full Gym,12.0,90.0,8.0,3.0,7.0,Incline Curl (Dumbbell),3.0,10.0,8.0,2024-11-18 11:11:00,2025-06-29 06:04:00
Optimized PHUL (Power Hypertrophy Upper Lower),"The goal of these revisions is to make the PHUL program more beginner-friendly by slightly altering exercise selection and rearranging the lower body days to better support recovery and sustainability. With proper attention to diet and recovery, athletes of all levels should see noticeable gains in strength and hypertrophy.

Deadlifts moved to the Lower Hypertrophy Day to optimize recovery.

Exercise order has been adjusted to accommodate this change, and calf volume has been slightly reduced.

Front squats have been replaced with Hack Squats for a better quad stimulus with less overall fatigue and a more manageable movement pattern.

Ab work has been added to each lower body day, which is optional but recommended for balanced core development.

For progression, aim to add either weight or reps each week. A simple method: once you hit the upper end of the rep range for a given exercise in all sets, increase the weight the next session. For Squat and Deadlift, add 10 lbs each time until you plateau, then reduce to 5 lbs increments. For Bench Press and OHP, aim to add 5 lbs each session. For accessory lifts, increase in the smallest possible increment.",['Advanced'],['Powerlifting'],Full Gym,12.0,90.0,8.0,3.0,7.0,Tricep Extension (Cable),3.0,10.0,8.0,2024-11-18 11:11:00,2025-06-29 06:04:00
Optimized PHUL (Power Hypertrophy Upper Lower),"The goal of these revisions is to make the PHUL program more beginner-friendly by slightly altering exercise selection and rearranging the lower body days to better support recovery and sustainability. With proper attention to diet and recovery, athletes of all levels should see noticeable gains in strength and hypertrophy.

Deadlifts moved to the Lower Hypertrophy Day to optimize recovery.

Exercise order has been adjusted to accommodate this change, and calf volume has been slightly reduced.

Front squats have been replaced with Hack Squats for a better quad stimulus with less overall fatigue and a more manageable movement pattern.

Ab work has been added to each lower body day, which is optional but recommended for balanced core development.

For progression, aim to add either weight or reps each week. A simple method: once you hit the upper end of the rep range for a given exercise in all sets, increase the weight the next session. For Squat and Deadlift, add 10 lbs each time until you plateau, then reduce to 5 lbs increments. For Bench Press and OHP, aim to add 5 lbs each session. For accessory lifts, increase in the smallest possible increment.",['Advanced'],['Powerlifting'],Full Gym,12.0,90.0,8.0,4.0,6.0,Deadlift (Barbell),3.0,-120.0,9.0,2024-11-18 11:11:00,2025-06-29 06:04:00
Optimized PHUL (Power Hypertrophy Upper Lower),"The goal of these revisions is to make the PHUL program more beginner-friendly by slightly altering exercise selection and rearranging the lower body days to better support recovery and sustainability. With proper attention to diet and recovery, athletes of all levels should see noticeable gains in strength and hypertrophy.

Deadlifts moved to the Lower Hypertrophy Day to optimize recovery.

Exercise order has been adjusted to accommodate this change, and calf volume has been slightly reduced.

Front squats have been replaced with Hack Squats for a better quad stimulus with less overall fatigue and a more manageable movement pattern.

Ab work has been added to each lower body day, which is optional but recommended for balanced core development.

For progression, aim to add either weight or reps each week. A simple method: once you hit the upper end of the rep range for a given exercise in all sets, increase the weight the next session. For Squat and Deadlift, add 10 lbs each time until you plateau, then reduce to 5 lbs increments. For Bench Press and OHP, aim to add 5 lbs each session. For accessory lifts, increase in the smallest possible increment.",['Advanced'],['Powerlifting'],Full Gym,12.0,90.0,8.0,4.0,6.0,Hack Squat,3.0,15.0,8.0,2024-11-18 11:11:00,2025-06-29 06:04:00
Optimized PHUL (Power Hypertrophy Upper Lower),"The goal of these revisions is to make the PHUL program more beginner-friendly by slightly altering exercise selection and rearranging the lower body days to better support recovery and sustainability. With proper attention to diet and recovery, athletes of all levels should see noticeable gains in strength and hypertrophy.

Deadlifts moved to the Lower Hypertrophy Day to optimize recovery.

Exercise order has been adjusted to accommodate this change, and calf volume has been slightly reduced.

Front squats have been replaced with Hack Squats for a better quad stimulus with less overall fatigue and a more manageable movement pattern.

Ab work has been added to each lower body day, which is optional but recommended for balanced core development.

For progression, aim to add either weight or reps each week. A simple method: once you hit the upper end of the rep range for a given exercise in all sets, increase the weight the next session. For Squat and Deadlift, add 10 lbs each time until you plateau, then reduce to 5 lbs increments. For Bench Press and OHP, aim to add 5 lbs each session. For accessory lifts, increase in the smallest possible increment.",['Advanced'],['Powerlifting'],Full Gym,12.0,90.0,8.0,4.0,6.0,Reverse Lunge (Barbell),3.0,12.0,8.0,2024-11-18 11:11:00,2025-06-29 06:04:00
Optimized PHUL (Power Hypertrophy Upper Lower),"The goal of these revisions is to make the PHUL program more beginner-friendly by slightly altering exercise selection and rearranging the lower body days to better support recovery and sustainability. With proper attention to diet and recovery, athletes of all levels should see noticeable gains in strength and hypertrophy.

Deadlifts moved to the Lower Hypertrophy Day to optimize recovery.

Exercise order has been adjusted to accommodate this change, and calf volume has been slightly reduced.

Front squats have been replaced with Hack Squats for a better quad stimulus with less overall fatigue and a more manageable movement pattern.

Ab work has been added to each lower body day, which is optional but recommended for balanced core development.

For progression, aim to add either weight or reps each week. A simple method: once you hit the upper end of the rep range for a given exercise in all sets, increase the weight the next session. For Squat and Deadlift, add 10 lbs each time until you plateau, then reduce to 5 lbs increments. For Bench Press and OHP, aim to add 5 lbs each session. For accessory lifts, increase in the smallest possible increment.",['Advanced'],['Powerlifting'],Full Gym,12.0,90.0,8.0,4.0,6.0,Seated Hamstring Curl,3.0,15.0,9.0,2024-11-18 11:11:00,2025-06-29 06:04:00
Optimized PHUL (Power Hypertrophy Upper Lower),"The goal of these revisions is to make the PHUL program more beginner-friendly by slightly altering exercise selection and rearranging the lower body days to better support recovery and sustainability. With proper attention to diet and recovery, athletes of all levels should see noticeable gains in strength and hypertrophy.

Deadlifts moved to the Lower Hypertrophy Day to optimize recovery.

Exercise order has been adjusted to accommodate this change, and calf volume has been slightly reduced.

Front squats have been replaced with Hack Squats for a better quad stimulus with less overall fatigue and a more manageable movement pattern.

Ab work has been added to each lower body day, which is optional but recommended for balanced core development.

For progression, aim to add either weight or reps each week. A simple method: once you hit the upper end of the rep range for a given exercise in all sets, increase the weight the next session. For Squat and Deadlift, add 10 lbs each time until you plateau, then reduce to 5 lbs increments. For Bench Press and OHP, aim to add 5 lbs each session. For accessory lifts, increase in the smallest possible increment.",['Advanced'],['Powerlifting'],Full Gym,12.0,90.0,8.0,4.0,6.0,Standing Calf Raise,4.0,10.0,9.0,2024-11-18 11:11:00,2025-06-29 06:04:00
Optimized PHUL (Power Hypertrophy Upper Lower),"The goal of these revisions is to make the PHUL program more beginner-friendly by slightly altering exercise selection and rearranging the lower body days to better support recovery and sustainability. With proper attention to diet and recovery, athletes of all levels should see noticeable gains in strength and hypertrophy.

Deadlifts moved to the Lower Hypertrophy Day to optimize recovery.

Exercise order has been adjusted to accommodate this change, and calf volume has been slightly reduced.

Front squats have been replaced with Hack Squats for a better quad stimulus with less overall fatigue and a more manageable movement pattern.

Ab work has been added to each lower body day, which is optional but recommended for balanced core development.

For progression, aim to add either weight or reps each week. A simple method: once you hit the upper end of the rep range for a given exercise in all sets, increase the weight the next session. For Squat and Deadlift, add 10 lbs each time until you plateau, then reduce to 5 lbs increments. For Bench Press and OHP, aim to add 5 lbs each session. For accessory lifts, increase in the smallest possible increment.",['Advanced'],['Powerlifting'],Full Gym,12.0,90.0,8.0,4.0,6.0,Abs Crunch (Machine),4.0,10.0,8.0,2024-11-18 11:11:00,2025-06-29 06:04:00
Optimized PHUL (Power Hypertrophy Upper Lower),"The goal of these revisions is to make the PHUL program more beginner-friendly by slightly altering exercise selection and rearranging the lower body days to better support recovery and sustainability. With proper attention to diet and recovery, athletes of all levels should see noticeable gains in strength and hypertrophy.

Deadlifts moved to the Lower Hypertrophy Day to optimize recovery.

Exercise order has been adjusted to accommodate this change, and calf volume has been slightly reduced.

Front squats have been replaced with Hack Squats for a better quad stimulus with less overall fatigue and a more manageable movement pattern.

Ab work has been added to each lower body day, which is optional but recommended for balanced core development.

For progression, aim to add either weight or reps each week. A simple method: once you hit the upper end of the rep range for a given exercise in all sets, increase the weight the next session. For Squat and Deadlift, add 10 lbs each time until you plateau, then reduce to 5 lbs increments. For Bench Press and OHP, aim to add 5 lbs each session. For accessory lifts, increase in the smallest possible increment.",['Advanced'],['Powerlifting'],Full Gym,12.0,90.0,9.0,1.0,7.0,Bench Press (Barbell),3.0,10.0,8.0,2024-11-18 11:11:00,2025-06-29 06:04:00
Optimized PHUL (Power Hypertrophy Upper Lower),"The goal of these revisions is to make the PHUL program more beginner-friendly by slightly altering exercise selection and rearranging the lower body days to better support recovery and sustainability. With proper attention to diet and recovery, athletes of all levels should see noticeable gains in strength and hypertrophy.

Deadlifts moved to the Lower Hypertrophy Day to optimize recovery.

Exercise order has been adjusted to accommodate this change, and calf volume has been slightly reduced.

Front squats have been replaced with Hack Squats for a better quad stimulus with less overall fatigue and a more manageable movement pattern.

Ab work has been added to each lower body day, which is optional but recommended for balanced core development.

For progression, aim to add either weight or reps each week. A simple method: once you hit the upper end of the rep range for a given exercise in all sets, increase the weight the next session. For Squat and Deadlift, add 10 lbs each time until you plateau, then reduce to 5 lbs increments. For Bench Press and OHP, aim to add 5 lbs each session. For accessory lifts, increase in the smallest possible increment.",['Advanced'],['Powerlifting'],Full Gym,12.0,90.0,9.0,1.0,7.0,Incline Chest Press (Machine),3.0,10.0,8.0,2024-11-18 11:11:00,2025-06-29 06:04:00
Optimized PHUL (Power Hypertrophy Upper Lower),"The goal of these revisions is to make the PHUL program more beginner-friendly by slightly altering exercise selection and rearranging the lower body days to better support recovery and sustainability. With proper attention to diet and recovery, athletes of all levels should see noticeable gains in strength and hypertrophy.

Deadlifts moved to the Lower Hypertrophy Day to optimize recovery.

Exercise order has been adjusted to accommodate this change, and calf volume has been slightly reduced.

Front squats have been replaced with Hack Squats for a better quad stimulus with less overall fatigue and a more manageable movement pattern.

Ab work has been added to each lower body day, which is optional but recommended for balanced core development.

For progression, aim to add either weight or reps each week. A simple method: once you hit the upper end of the rep range for a given exercise in all sets, increase the weight the next session. For Squat and Deadlift, add 10 lbs each time until you plateau, then reduce to 5 lbs increments. For Bench Press and OHP, aim to add 5 lbs each session. For accessory lifts, increase in the smallest possible increment.",['Advanced'],['Powerlifting'],Full Gym,12.0,90.0,9.0,1.0,7.0,Bent Over Row (Barbell),3.0,10.0,7.0,2024-11-18 11:11:00,2025-06-29 06:04:00
Optimized PHUL (Power Hypertrophy Upper Lower),"The goal of these revisions is to make the PHUL program more beginner-friendly by slightly altering exercise selection and rearranging the lower body days to better support recovery and sustainability. With proper attention to diet and recovery, athletes of all levels should see noticeable gains in strength and hypertrophy.

Deadlifts moved to the Lower Hypertrophy Day to optimize recovery.

Exercise order has been adjusted to accommodate this change, and calf volume has been slightly reduced.

Front squats have been replaced with Hack Squats for a better quad stimulus with less overall fatigue and a more manageable movement pattern.

Ab work has been added to each lower body day, which is optional but recommended for balanced core development.

For progression, aim to add either weight or reps each week. A simple method: once you hit the upper end of the rep range for a given exercise in all sets, increase the weight the next session. For Squat and Deadlift, add 10 lbs each time until you plateau, then reduce to 5 lbs increments. For Bench Press and OHP, aim to add 5 lbs each session. For accessory lifts, increase in the smallest possible increment.",['Advanced'],['Powerlifting'],Full Gym,12.0,90.0,9.0,1.0,7.0,Lat Pulldown,3.0,10.0,8.0,2024-11-18 11:11:00,2025-06-29 06:04:00
Optimized PHUL (Power Hypertrophy Upper Lower),"The goal of these revisions is to make the PHUL program more beginner-friendly by slightly altering exercise selection and rearranging the lower body days to better support recovery and sustainability. With proper attention to diet and recovery, athletes of all levels should see noticeable gains in strength and hypertrophy.

Deadlifts moved to the Lower Hypertrophy Day to optimize recovery.

Exercise order has been adjusted to accommodate this change, and calf volume has been slightly reduced.

Front squats have been replaced with Hack Squats for a better quad stimulus with less overall fatigue and a more manageable movement pattern.

Ab work has been added to each lower body day, which is optional but recommended for balanced core development.

For progression, aim to add either weight or reps each week. A simple method: once you hit the upper end of the rep range for a given exercise in all sets, increase the weight the next session. For Squat and Deadlift, add 10 lbs each time until you plateau, then reduce to 5 lbs increments. For Bench Press and OHP, aim to add 5 lbs each session. For accessory lifts, increase in the smallest possible increment.",['Advanced'],['Powerlifting'],Full Gym,12.0,90.0,9.0,1.0,7.0,Overhead Press (Barbell),3.0,10.0,7.0,2024-11-18 11:11:00,2025-06-29 06:04:00
Optimized PHUL (Power Hypertrophy Upper Lower),"The goal of these revisions is to make the PHUL program more beginner-friendly by slightly altering exercise selection and rearranging the lower body days to better support recovery and sustainability. With proper attention to diet and recovery, athletes of all levels should see noticeable gains in strength and hypertrophy.

Deadlifts moved to the Lower Hypertrophy Day to optimize recovery.

Exercise order has been adjusted to accommodate this change, and calf volume has been slightly reduced.

Front squats have been replaced with Hack Squats for a better quad stimulus with less overall fatigue and a more manageable movement pattern.

Ab work has been added to each lower body day, which is optional but recommended for balanced core development.

For progression, aim to add either weight or reps each week. A simple method: once you hit the upper end of the rep range for a given exercise in all sets, increase the weight the next session. For Squat and Deadlift, add 10 lbs each time until you plateau, then reduce to 5 lbs increments. For Bench Press and OHP, aim to add 5 lbs each session. For accessory lifts, increase in the smallest possible increment.",['Advanced'],['Powerlifting'],Full Gym,12.0,90.0,9.0,1.0,7.0,Bicep Curl (EZ Bar),3.0,-120.0,9.0,2024-11-18 11:11:00,2025-06-29 06:04:00
Optimized PHUL (Power Hypertrophy Upper Lower),"The goal of these revisions is to make the PHUL program more beginner-friendly by slightly altering exercise selection and rearranging the lower body days to better support recovery and sustainability. With proper attention to diet and recovery, athletes of all levels should see noticeable gains in strength and hypertrophy.

Deadlifts moved to the Lower Hypertrophy Day to optimize recovery.

Exercise order has been adjusted to accommodate this change, and calf volume has been slightly reduced.

Front squats have been replaced with Hack Squats for a better quad stimulus with less overall fatigue and a more manageable movement pattern.

Ab work has been added to each lower body day, which is optional but recommended for balanced core development.

For progression, aim to add either weight or reps each week. A simple method: once you hit the upper end of the rep range for a given exercise in all sets, increase the weight the next session. For Squat and Deadlift, add 10 lbs each time until you plateau, then reduce to 5 lbs increments. For Bench Press and OHP, aim to add 5 lbs each session. For accessory lifts, increase in the smallest possible increment.",['Advanced'],['Powerlifting'],Full Gym,12.0,90.0,9.0,1.0,7.0,Skull Crusher (Barbell),3.0,15.0,8.0,2024-11-18 11:11:00,2025-06-29 06:04:00
Optimized PHUL (Power Hypertrophy Upper Lower),"The goal of these revisions is to make the PHUL program more beginner-friendly by slightly altering exercise selection and rearranging the lower body days to better support recovery and sustainability. With proper attention to diet and recovery, athletes of all levels should see noticeable gains in strength and hypertrophy.

Deadlifts moved to the Lower Hypertrophy Day to optimize recovery.

Exercise order has been adjusted to accommodate this change, and calf volume has been slightly reduced.

Front squats have been replaced with Hack Squats for a better quad stimulus with less overall fatigue and a more manageable movement pattern.

Ab work has been added to each lower body day, which is optional but recommended for balanced core development.

For progression, aim to add either weight or reps each week. A simple method: once you hit the upper end of the rep range for a given exercise in all sets, increase the weight the next session. For Squat and Deadlift, add 10 lbs each time until you plateau, then reduce to 5 lbs increments. For Bench Press and OHP, aim to add 5 lbs each session. For accessory lifts, increase in the smallest possible increment.",['Advanced'],['Powerlifting'],Full Gym,12.0,90.0,9.0,2.0,6.0,Squat (Barbell),3.0,12.0,8.0,2024-11-18 11:11:00,2025-06-29 06:04:00
Optimized PHUL (Power Hypertrophy Upper Lower),"The goal of these revisions is to make the PHUL program more beginner-friendly by slightly altering exercise selection and rearranging the lower body days to better support recovery and sustainability. With proper attention to diet and recovery, athletes of all levels should see noticeable gains in strength and hypertrophy.

Deadlifts moved to the Lower Hypertrophy Day to optimize recovery.

Exercise order has been adjusted to accommodate this change, and calf volume has been slightly reduced.

Front squats have been replaced with Hack Squats for a better quad stimulus with less overall fatigue and a more manageable movement pattern.

Ab work has been added to each lower body day, which is optional but recommended for balanced core development.

For progression, aim to add either weight or reps each week. A simple method: once you hit the upper end of the rep range for a given exercise in all sets, increase the weight the next session. For Squat and Deadlift, add 10 lbs each time until you plateau, then reduce to 5 lbs increments. For Bench Press and OHP, aim to add 5 lbs each session. For accessory lifts, increase in the smallest possible increment.",['Advanced'],['Powerlifting'],Full Gym,12.0,90.0,9.0,2.0,6.0,Leg Press,3.0,15.0,8.0,2024-11-18 11:11:00,2025-06-29 06:04:00
Optimized PHUL (Power Hypertrophy Upper Lower),"The goal of these revisions is to make the PHUL program more beginner-friendly by slightly altering exercise selection and rearranging the lower body days to better support recovery and sustainability. With proper attention to diet and recovery, athletes of all levels should see noticeable gains in strength and hypertrophy.

Deadlifts moved to the Lower Hypertrophy Day to optimize recovery.

Exercise order has been adjusted to accommodate this change, and calf volume has been slightly reduced.

Front squats have been replaced with Hack Squats for a better quad stimulus with less overall fatigue and a more manageable movement pattern.

Ab work has been added to each lower body day, which is optional but recommended for balanced core development.

For progression, aim to add either weight or reps each week. A simple method: once you hit the upper end of the rep range for a given exercise in all sets, increase the weight the next session. For Squat and Deadlift, add 10 lbs each time until you plateau, then reduce to 5 lbs increments. For Bench Press and OHP, aim to add 5 lbs each session. For accessory lifts, increase in the smallest possible increment.",['Advanced'],['Powerlifting'],Full Gym,12.0,90.0,9.0,2.0,6.0,Seated Hamstring Curl,3.0,10.0,9.0,2024-11-18 11:11:00,2025-06-29 06:04:00
Optimized PHUL (Power Hypertrophy Upper Lower),"The goal of these revisions is to make the PHUL program more beginner-friendly by slightly altering exercise selection and rearranging the lower body days to better support recovery and sustainability. With proper attention to diet and recovery, athletes of all levels should see noticeable gains in strength and hypertrophy.

Deadlifts moved to the Lower Hypertrophy Day to optimize recovery.

Exercise order has been adjusted to accommodate this change, and calf volume has been slightly reduced.

Front squats have been replaced with Hack Squats for a better quad stimulus with less overall fatigue and a more manageable movement pattern.

Ab work has been added to each lower body day, which is optional but recommended for balanced core development.

For progression, aim to add either weight or reps each week. A simple method: once you hit the upper end of the rep range for a given exercise in all sets, increase the weight the next session. For Squat and Deadlift, add 10 lbs each time until you plateau, then reduce to 5 lbs increments. For Bench Press and OHP, aim to add 5 lbs each session. For accessory lifts, increase in the smallest possible increment.",['Advanced'],['Powerlifting'],Full Gym,12.0,90.0,9.0,2.0,6.0,Leg Extension,3.0,10.0,9.0,2024-11-18 11:11:00,2025-06-29 06:04:00
Optimized PHUL (Power Hypertrophy Upper Lower),"The goal of these revisions is to make the PHUL program more beginner-friendly by slightly altering exercise selection and rearranging the lower body days to better support recovery and sustainability. With proper attention to diet and recovery, athletes of all levels should see noticeable gains in strength and hypertrophy.

Deadlifts moved to the Lower Hypertrophy Day to optimize recovery.

Exercise order has been adjusted to accommodate this change, and calf volume has been slightly reduced.

Front squats have been replaced with Hack Squats for a better quad stimulus with less overall fatigue and a more manageable movement pattern.

Ab work has been added to each lower body day, which is optional but recommended for balanced core development.

For progression, aim to add either weight or reps each week. A simple method: once you hit the upper end of the rep range for a given exercise in all sets, increase the weight the next session. For Squat and Deadlift, add 10 lbs each time until you plateau, then reduce to 5 lbs increments. For Bench Press and OHP, aim to add 5 lbs each session. For accessory lifts, increase in the smallest possible increment.",['Advanced'],['Powerlifting'],Full Gym,12.0,90.0,9.0,2.0,6.0,Seated Calf Raise,4.0,10.0,8.0,2024-11-18 11:11:00,2025-06-29 06:04:00
Optimized PHUL (Power Hypertrophy Upper Lower),"The goal of these revisions is to make the PHUL program more beginner-friendly by slightly altering exercise selection and rearranging the lower body days to better support recovery and sustainability. With proper attention to diet and recovery, athletes of all levels should see noticeable gains in strength and hypertrophy.

Deadlifts moved to the Lower Hypertrophy Day to optimize recovery.

Exercise order has been adjusted to accommodate this change, and calf volume has been slightly reduced.

Front squats have been replaced with Hack Squats for a better quad stimulus with less overall fatigue and a more manageable movement pattern.

Ab work has been added to each lower body day, which is optional but recommended for balanced core development.

For progression, aim to add either weight or reps each week. A simple method: once you hit the upper end of the rep range for a given exercise in all sets, increase the weight the next session. For Squat and Deadlift, add 10 lbs each time until you plateau, then reduce to 5 lbs increments. For Bench Press and OHP, aim to add 5 lbs each session. For accessory lifts, increase in the smallest possible increment.",['Advanced'],['Powerlifting'],Full Gym,12.0,90.0,9.0,2.0,6.0,Abs Crunch (Machine),4.0,10.0,8.0,2024-11-18 11:11:00,2025-06-29 06:04:00
Optimized PHUL (Power Hypertrophy Upper Lower),"The goal of these revisions is to make the PHUL program more beginner-friendly by slightly altering exercise selection and rearranging the lower body days to better support recovery and sustainability. With proper attention to diet and recovery, athletes of all levels should see noticeable gains in strength and hypertrophy.

Deadlifts moved to the Lower Hypertrophy Day to optimize recovery.

Exercise order has been adjusted to accommodate this change, and calf volume has been slightly reduced.

Front squats have been replaced with Hack Squats for a better quad stimulus with less overall fatigue and a more manageable movement pattern.

Ab work has been added to each lower body day, which is optional but recommended for balanced core development.

For progression, aim to add either weight or reps each week. A simple method: once you hit the upper end of the rep range for a given exercise in all sets, increase the weight the next session. For Squat and Deadlift, add 10 lbs each time until you plateau, then reduce to 5 lbs increments. For Bench Press and OHP, aim to add 5 lbs each session. For accessory lifts, increase in the smallest possible increment.",['Advanced'],['Powerlifting'],Full Gym,12.0,90.0,9.0,3.0,7.0,Incline Bench Press (Barbell),3.0,10.0,8.0,2024-11-18 11:11:00,2025-06-29 06:04:00
Optimized PHUL (Power Hypertrophy Upper Lower),"The goal of these revisions is to make the PHUL program more beginner-friendly by slightly altering exercise selection and rearranging the lower body days to better support recovery and sustainability. With proper attention to diet and recovery, athletes of all levels should see noticeable gains in strength and hypertrophy.

Deadlifts moved to the Lower Hypertrophy Day to optimize recovery.

Exercise order has been adjusted to accommodate this change, and calf volume has been slightly reduced.

Front squats have been replaced with Hack Squats for a better quad stimulus with less overall fatigue and a more manageable movement pattern.

Ab work has been added to each lower body day, which is optional but recommended for balanced core development.

For progression, aim to add either weight or reps each week. A simple method: once you hit the upper end of the rep range for a given exercise in all sets, increase the weight the next session. For Squat and Deadlift, add 10 lbs each time until you plateau, then reduce to 5 lbs increments. For Bench Press and OHP, aim to add 5 lbs each session. For accessory lifts, increase in the smallest possible increment.",['Advanced'],['Powerlifting'],Full Gym,12.0,90.0,9.0,3.0,7.0,Chest Fly (Machine),3.0,10.0,8.0,2024-11-18 11:11:00,2025-06-29 06:04:00
Optimized PHUL (Power Hypertrophy Upper Lower),"The goal of these revisions is to make the PHUL program more beginner-friendly by slightly altering exercise selection and rearranging the lower body days to better support recovery and sustainability. With proper attention to diet and recovery, athletes of all levels should see noticeable gains in strength and hypertrophy.

Deadlifts moved to the Lower Hypertrophy Day to optimize recovery.

Exercise order has been adjusted to accommodate this change, and calf volume has been slightly reduced.

Front squats have been replaced with Hack Squats for a better quad stimulus with less overall fatigue and a more manageable movement pattern.

Ab work has been added to each lower body day, which is optional but recommended for balanced core development.

For progression, aim to add either weight or reps each week. A simple method: once you hit the upper end of the rep range for a given exercise in all sets, increase the weight the next session. For Squat and Deadlift, add 10 lbs each time until you plateau, then reduce to 5 lbs increments. For Bench Press and OHP, aim to add 5 lbs each session. For accessory lifts, increase in the smallest possible increment.",['Advanced'],['Powerlifting'],Full Gym,12.0,90.0,9.0,3.0,7.0,Seated Row (Cable),3.0,10.0,8.0,2024-11-18 11:11:00,2025-06-29 06:04:00
Optimized PHUL (Power Hypertrophy Upper Lower),"The goal of these revisions is to make the PHUL program more beginner-friendly by slightly altering exercise selection and rearranging the lower body days to better support recovery and sustainability. With proper attention to diet and recovery, athletes of all levels should see noticeable gains in strength and hypertrophy.

Deadlifts moved to the Lower Hypertrophy Day to optimize recovery.

Exercise order has been adjusted to accommodate this change, and calf volume has been slightly reduced.

Front squats have been replaced with Hack Squats for a better quad stimulus with less overall fatigue and a more manageable movement pattern.

Ab work has been added to each lower body day, which is optional but recommended for balanced core development.

For progression, aim to add either weight or reps each week. A simple method: once you hit the upper end of the rep range for a given exercise in all sets, increase the weight the next session. For Squat and Deadlift, add 10 lbs each time until you plateau, then reduce to 5 lbs increments. For Bench Press and OHP, aim to add 5 lbs each session. For accessory lifts, increase in the smallest possible increment.",['Advanced'],['Powerlifting'],Full Gym,12.0,90.0,9.0,3.0,7.0,Single Arm Row (Dumbbell),3.0,-120.0,8.0,2024-11-18 11:11:00,2025-06-29 06:04:00
Optimized PHUL (Power Hypertrophy Upper Lower),"The goal of these revisions is to make the PHUL program more beginner-friendly by slightly altering exercise selection and rearranging the lower body days to better support recovery and sustainability. With proper attention to diet and recovery, athletes of all levels should see noticeable gains in strength and hypertrophy.

Deadlifts moved to the Lower Hypertrophy Day to optimize recovery.

Exercise order has been adjusted to accommodate this change, and calf volume has been slightly reduced.

Front squats have been replaced with Hack Squats for a better quad stimulus with less overall fatigue and a more manageable movement pattern.

Ab work has been added to each lower body day, which is optional but recommended for balanced core development.

For progression, aim to add either weight or reps each week. A simple method: once you hit the upper end of the rep range for a given exercise in all sets, increase the weight the next session. For Squat and Deadlift, add 10 lbs each time until you plateau, then reduce to 5 lbs increments. For Bench Press and OHP, aim to add 5 lbs each session. For accessory lifts, increase in the smallest possible increment.",['Advanced'],['Powerlifting'],Full Gym,12.0,90.0,9.0,3.0,7.0,Lateral Raise (Dumbbell),3.0,12.0,6.0,2024-11-18 11:11:00,2025-06-29 06:04:00
Optimized PHUL (Power Hypertrophy Upper Lower),"The goal of these revisions is to make the PHUL program more beginner-friendly by slightly altering exercise selection and rearranging the lower body days to better support recovery and sustainability. With proper attention to diet and recovery, athletes of all levels should see noticeable gains in strength and hypertrophy.

Deadlifts moved to the Lower Hypertrophy Day to optimize recovery.

Exercise order has been adjusted to accommodate this change, and calf volume has been slightly reduced.

Front squats have been replaced with Hack Squats for a better quad stimulus with less overall fatigue and a more manageable movement pattern.

Ab work has been added to each lower body day, which is optional but recommended for balanced core development.

For progression, aim to add either weight or reps each week. A simple method: once you hit the upper end of the rep range for a given exercise in all sets, increase the weight the next session. For Squat and Deadlift, add 10 lbs each time until you plateau, then reduce to 5 lbs increments. For Bench Press and OHP, aim to add 5 lbs each session. For accessory lifts, increase in the smallest possible increment.",['Advanced'],['Powerlifting'],Full Gym,12.0,90.0,9.0,3.0,7.0,Incline Curl (Dumbbell),3.0,10.0,8.0,2024-11-18 11:11:00,2025-06-29 06:04:00
Optimized PHUL (Power Hypertrophy Upper Lower),"The goal of these revisions is to make the PHUL program more beginner-friendly by slightly altering exercise selection and rearranging the lower body days to better support recovery and sustainability. With proper attention to diet and recovery, athletes of all levels should see noticeable gains in strength and hypertrophy.

Deadlifts moved to the Lower Hypertrophy Day to optimize recovery.

Exercise order has been adjusted to accommodate this change, and calf volume has been slightly reduced.

Front squats have been replaced with Hack Squats for a better quad stimulus with less overall fatigue and a more manageable movement pattern.

Ab work has been added to each lower body day, which is optional but recommended for balanced core development.

For progression, aim to add either weight or reps each week. A simple method: once you hit the upper end of the rep range for a given exercise in all sets, increase the weight the next session. For Squat and Deadlift, add 10 lbs each time until you plateau, then reduce to 5 lbs increments. For Bench Press and OHP, aim to add 5 lbs each session. For accessory lifts, increase in the smallest possible increment.",['Advanced'],['Powerlifting'],Full Gym,12.0,90.0,9.0,3.0,7.0,Tricep Extension (Cable),3.0,10.0,7.0,2024-11-18 11:11:00,2025-06-29 06:04:00
Optimized PHUL (Power Hypertrophy Upper Lower),"The goal of these revisions is to make the PHUL program more beginner-friendly by slightly altering exercise selection and rearranging the lower body days to better support recovery and sustainability. With proper attention to diet and recovery, athletes of all levels should see noticeable gains in strength and hypertrophy.

Deadlifts moved to the Lower Hypertrophy Day to optimize recovery.

Exercise order has been adjusted to accommodate this change, and calf volume has been slightly reduced.

Front squats have been replaced with Hack Squats for a better quad stimulus with less overall fatigue and a more manageable movement pattern.

Ab work has been added to each lower body day, which is optional but recommended for balanced core development.

For progression, aim to add either weight or reps each week. A simple method: once you hit the upper end of the rep range for a given exercise in all sets, increase the weight the next session. For Squat and Deadlift, add 10 lbs each time until you plateau, then reduce to 5 lbs increments. For Bench Press and OHP, aim to add 5 lbs each session. For accessory lifts, increase in the smallest possible increment.",['Advanced'],['Powerlifting'],Full Gym,12.0,90.0,9.0,4.0,6.0,Deadlift (Barbell),3.0,10.0,10.0,2024-11-18 11:11:00,2025-06-29 06:04:00
Optimized PHUL (Power Hypertrophy Upper Lower),"The goal of these revisions is to make the PHUL program more beginner-friendly by slightly altering exercise selection and rearranging the lower body days to better support recovery and sustainability. With proper attention to diet and recovery, athletes of all levels should see noticeable gains in strength and hypertrophy.

Deadlifts moved to the Lower Hypertrophy Day to optimize recovery.

Exercise order has been adjusted to accommodate this change, and calf volume has been slightly reduced.

Front squats have been replaced with Hack Squats for a better quad stimulus with less overall fatigue and a more manageable movement pattern.

Ab work has been added to each lower body day, which is optional but recommended for balanced core development.

For progression, aim to add either weight or reps each week. A simple method: once you hit the upper end of the rep range for a given exercise in all sets, increase the weight the next session. For Squat and Deadlift, add 10 lbs each time until you plateau, then reduce to 5 lbs increments. For Bench Press and OHP, aim to add 5 lbs each session. For accessory lifts, increase in the smallest possible increment.",['Advanced'],['Powerlifting'],Full Gym,12.0,90.0,9.0,4.0,6.0,Hack Squat,3.0,10.0,8.0,2024-11-18 11:11:00,2025-06-29 06:04:00
Optimized PHUL (Power Hypertrophy Upper Lower),"The goal of these revisions is to make the PHUL program more beginner-friendly by slightly altering exercise selection and rearranging the lower body days to better support recovery and sustainability. With proper attention to diet and recovery, athletes of all levels should see noticeable gains in strength and hypertrophy.

Deadlifts moved to the Lower Hypertrophy Day to optimize recovery.

Exercise order has been adjusted to accommodate this change, and calf volume has been slightly reduced.

Front squats have been replaced with Hack Squats for a better quad stimulus with less overall fatigue and a more manageable movement pattern.

Ab work has been added to each lower body day, which is optional but recommended for balanced core development.

For progression, aim to add either weight or reps each week. A simple method: once you hit the upper end of the rep range for a given exercise in all sets, increase the weight the next session. For Squat and Deadlift, add 10 lbs each time until you plateau, then reduce to 5 lbs increments. For Bench Press and OHP, aim to add 5 lbs each session. For accessory lifts, increase in the smallest possible increment.",['Advanced'],['Powerlifting'],Full Gym,12.0,90.0,9.0,4.0,6.0,Reverse Lunge (Barbell),3.0,10.0,8.0,2024-11-18 11:11:00,2025-06-29 06:04:00
Optimized PHUL (Power Hypertrophy Upper Lower),"The goal of these revisions is to make the PHUL program more beginner-friendly by slightly altering exercise selection and rearranging the lower body days to better support recovery and sustainability. With proper attention to diet and recovery, athletes of all levels should see noticeable gains in strength and hypertrophy.

Deadlifts moved to the Lower Hypertrophy Day to optimize recovery.

Exercise order has been adjusted to accommodate this change, and calf volume has been slightly reduced.

Front squats have been replaced with Hack Squats for a better quad stimulus with less overall fatigue and a more manageable movement pattern.

Ab work has been added to each lower body day, which is optional but recommended for balanced core development.

For progression, aim to add either weight or reps each week. A simple method: once you hit the upper end of the rep range for a given exercise in all sets, increase the weight the next session. For Squat and Deadlift, add 10 lbs each time until you plateau, then reduce to 5 lbs increments. For Bench Press and OHP, aim to add 5 lbs each session. For accessory lifts, increase in the smallest possible increment.",['Advanced'],['Powerlifting'],Full Gym,12.0,90.0,9.0,4.0,6.0,Seated Hamstring Curl,3.0,10.0,8.0,2024-11-18 11:11:00,2025-06-29 06:04:00
Optimized PHUL (Power Hypertrophy Upper Lower),"The goal of these revisions is to make the PHUL program more beginner-friendly by slightly altering exercise selection and rearranging the lower body days to better support recovery and sustainability. With proper attention to diet and recovery, athletes of all levels should see noticeable gains in strength and hypertrophy.

Deadlifts moved to the Lower Hypertrophy Day to optimize recovery.

Exercise order has been adjusted to accommodate this change, and calf volume has been slightly reduced.

Front squats have been replaced with Hack Squats for a better quad stimulus with less overall fatigue and a more manageable movement pattern.

Ab work has been added to each lower body day, which is optional but recommended for balanced core development.

For progression, aim to add either weight or reps each week. A simple method: once you hit the upper end of the rep range for a given exercise in all sets, increase the weight the next session. For Squat and Deadlift, add 10 lbs each time until you plateau, then reduce to 5 lbs increments. For Bench Press and OHP, aim to add 5 lbs each session. For accessory lifts, increase in the smallest possible increment.",['Advanced'],['Powerlifting'],Full Gym,12.0,90.0,9.0,4.0,6.0,Standing Calf Raise,4.0,10.0,9.0,2024-11-18 11:11:00,2025-06-29 06:04:00
Optimized PHUL (Power Hypertrophy Upper Lower),"The goal of these revisions is to make the PHUL program more beginner-friendly by slightly altering exercise selection and rearranging the lower body days to better support recovery and sustainability. With proper attention to diet and recovery, athletes of all levels should see noticeable gains in strength and hypertrophy.

Deadlifts moved to the Lower Hypertrophy Day to optimize recovery.

Exercise order has been adjusted to accommodate this change, and calf volume has been slightly reduced.

Front squats have been replaced with Hack Squats for a better quad stimulus with less overall fatigue and a more manageable movement pattern.

Ab work has been added to each lower body day, which is optional but recommended for balanced core development.

For progression, aim to add either weight or reps each week. A simple method: once you hit the upper end of the rep range for a given exercise in all sets, increase the weight the next session. For Squat and Deadlift, add 10 lbs each time until you plateau, then reduce to 5 lbs increments. For Bench Press and OHP, aim to add 5 lbs each session. For accessory lifts, increase in the smallest possible increment.",['Advanced'],['Powerlifting'],Full Gym,12.0,90.0,9.0,4.0,6.0,Abs Crunch (Machine),4.0,10.0,8.0,2024-11-18 11:11:00,2025-06-29 06:04:00
Optimized PHUL (Power Hypertrophy Upper Lower),"The goal of these revisions is to make the PHUL program more beginner-friendly by slightly altering exercise selection and rearranging the lower body days to better support recovery and sustainability. With proper attention to diet and recovery, athletes of all levels should see noticeable gains in strength and hypertrophy.

Deadlifts moved to the Lower Hypertrophy Day to optimize recovery.

Exercise order has been adjusted to accommodate this change, and calf volume has been slightly reduced.

Front squats have been replaced with Hack Squats for a better quad stimulus with less overall fatigue and a more manageable movement pattern.

Ab work has been added to each lower body day, which is optional but recommended for balanced core development.

For progression, aim to add either weight or reps each week. A simple method: once you hit the upper end of the rep range for a given exercise in all sets, increase the weight the next session. For Squat and Deadlift, add 10 lbs each time until you plateau, then reduce to 5 lbs increments. For Bench Press and OHP, aim to add 5 lbs each session. For accessory lifts, increase in the smallest possible increment.",['Advanced'],['Powerlifting'],Full Gym,12.0,90.0,10.0,1.0,7.0,Bench Press (Barbell),3.0,10.0,8.0,2024-11-18 11:11:00,2025-06-29 06:04:00
Optimized PHUL (Power Hypertrophy Upper Lower),"The goal of these revisions is to make the PHUL program more beginner-friendly by slightly altering exercise selection and rearranging the lower body days to better support recovery and sustainability. With proper attention to diet and recovery, athletes of all levels should see noticeable gains in strength and hypertrophy.

Deadlifts moved to the Lower Hypertrophy Day to optimize recovery.

Exercise order has been adjusted to accommodate this change, and calf volume has been slightly reduced.

Front squats have been replaced with Hack Squats for a better quad stimulus with less overall fatigue and a more manageable movement pattern.

Ab work has been added to each lower body day, which is optional but recommended for balanced core development.

For progression, aim to add either weight or reps each week. A simple method: once you hit the upper end of the rep range for a given exercise in all sets, increase the weight the next session. For Squat and Deadlift, add 10 lbs each time until you plateau, then reduce to 5 lbs increments. For Bench Press and OHP, aim to add 5 lbs each session. For accessory lifts, increase in the smallest possible increment.",['Advanced'],['Powerlifting'],Full Gym,12.0,90.0,10.0,1.0,7.0,Incline Chest Press (Machine),3.0,-120.0,10.0,2024-11-18 11:11:00,2025-06-29 06:04:00
Optimized PHUL (Power Hypertrophy Upper Lower),"The goal of these revisions is to make the PHUL program more beginner-friendly by slightly altering exercise selection and rearranging the lower body days to better support recovery and sustainability. With proper attention to diet and recovery, athletes of all levels should see noticeable gains in strength and hypertrophy.

Deadlifts moved to the Lower Hypertrophy Day to optimize recovery.

Exercise order has been adjusted to accommodate this change, and calf volume has been slightly reduced.

Front squats have been replaced with Hack Squats for a better quad stimulus with less overall fatigue and a more manageable movement pattern.

Ab work has been added to each lower body day, which is optional but recommended for balanced core development.

For progression, aim to add either weight or reps each week. A simple method: once you hit the upper end of the rep range for a given exercise in all sets, increase the weight the next session. For Squat and Deadlift, add 10 lbs each time until you plateau, then reduce to 5 lbs increments. For Bench Press and OHP, aim to add 5 lbs each session. For accessory lifts, increase in the smallest possible increment.",['Advanced'],['Powerlifting'],Full Gym,12.0,90.0,10.0,1.0,7.0,Bent Over Row (Barbell),3.0,12.0,9.0,2024-11-18 11:11:00,2025-06-29 06:04:00
Optimized PHUL (Power Hypertrophy Upper Lower),"The goal of these revisions is to make the PHUL program more beginner-friendly by slightly altering exercise selection and rearranging the lower body days to better support recovery and sustainability. With proper attention to diet and recovery, athletes of all levels should see noticeable gains in strength and hypertrophy.

Deadlifts moved to the Lower Hypertrophy Day to optimize recovery.

Exercise order has been adjusted to accommodate this change, and calf volume has been slightly reduced.

Front squats have been replaced with Hack Squats for a better quad stimulus with less overall fatigue and a more manageable movement pattern.

Ab work has been added to each lower body day, which is optional but recommended for balanced core development.

For progression, aim to add either weight or reps each week. A simple method: once you hit the upper end of the rep range for a given exercise in all sets, increase the weight the next session. For Squat and Deadlift, add 10 lbs each time until you plateau, then reduce to 5 lbs increments. For Bench Press and OHP, aim to add 5 lbs each session. For accessory lifts, increase in the smallest possible increment.",['Advanced'],['Powerlifting'],Full Gym,12.0,90.0,10.0,1.0,7.0,Lat Pulldown,3.0,10.0,8.0,2024-11-18 11:11:00,2025-06-29 06:04:00
Optimized PHUL (Power Hypertrophy Upper Lower),"The goal of these revisions is to make the PHUL program more beginner-friendly by slightly altering exercise selection and rearranging the lower body days to better support recovery and sustainability. With proper attention to diet and recovery, athletes of all levels should see noticeable gains in strength and hypertrophy.

Deadlifts moved to the Lower Hypertrophy Day to optimize recovery.

Exercise order has been adjusted to accommodate this change, and calf volume has been slightly reduced.

Front squats have been replaced with Hack Squats for a better quad stimulus with less overall fatigue and a more manageable movement pattern.

Ab work has been added to each lower body day, which is optional but recommended for balanced core development.

For progression, aim to add either weight or reps each week. A simple method: once you hit the upper end of the rep range for a given exercise in all sets, increase the weight the next session. For Squat and Deadlift, add 10 lbs each time until you plateau, then reduce to 5 lbs increments. For Bench Press and OHP, aim to add 5 lbs each session. For accessory lifts, increase in the smallest possible increment.",['Advanced'],['Powerlifting'],Full Gym,12.0,90.0,10.0,1.0,7.0,Overhead Press (Barbell),3.0,10.0,8.0,2024-11-18 11:11:00,2025-06-29 06:04:00
Optimized PHUL (Power Hypertrophy Upper Lower),"The goal of these revisions is to make the PHUL program more beginner-friendly by slightly altering exercise selection and rearranging the lower body days to better support recovery and sustainability. With proper attention to diet and recovery, athletes of all levels should see noticeable gains in strength and hypertrophy.

Deadlifts moved to the Lower Hypertrophy Day to optimize recovery.

Exercise order has been adjusted to accommodate this change, and calf volume has been slightly reduced.

Front squats have been replaced with Hack Squats for a better quad stimulus with less overall fatigue and a more manageable movement pattern.

Ab work has been added to each lower body day, which is optional but recommended for balanced core development.

For progression, aim to add either weight or reps each week. A simple method: once you hit the upper end of the rep range for a given exercise in all sets, increase the weight the next session. For Squat and Deadlift, add 10 lbs each time until you plateau, then reduce to 5 lbs increments. For Bench Press and OHP, aim to add 5 lbs each session. For accessory lifts, increase in the smallest possible increment.",['Advanced'],['Powerlifting'],Full Gym,12.0,90.0,10.0,1.0,7.0,Bicep Curl (EZ Bar),3.0,10.0,10.0,2024-11-18 11:11:00,2025-06-29 06:04:00
Optimized PHUL (Power Hypertrophy Upper Lower),"The goal of these revisions is to make the PHUL program more beginner-friendly by slightly altering exercise selection and rearranging the lower body days to better support recovery and sustainability. With proper attention to diet and recovery, athletes of all levels should see noticeable gains in strength and hypertrophy.

Deadlifts moved to the Lower Hypertrophy Day to optimize recovery.

Exercise order has been adjusted to accommodate this change, and calf volume has been slightly reduced.

Front squats have been replaced with Hack Squats for a better quad stimulus with less overall fatigue and a more manageable movement pattern.

Ab work has been added to each lower body day, which is optional but recommended for balanced core development.

For progression, aim to add either weight or reps each week. A simple method: once you hit the upper end of the rep range for a given exercise in all sets, increase the weight the next session. For Squat and Deadlift, add 10 lbs each time until you plateau, then reduce to 5 lbs increments. For Bench Press and OHP, aim to add 5 lbs each session. For accessory lifts, increase in the smallest possible increment.",['Advanced'],['Powerlifting'],Full Gym,12.0,90.0,10.0,1.0,7.0,Skull Crusher (Barbell),3.0,10.0,9.0,2024-11-18 11:11:00,2025-06-29 06:04:00
Optimized PHUL (Power Hypertrophy Upper Lower),"The goal of these revisions is to make the PHUL program more beginner-friendly by slightly altering exercise selection and rearranging the lower body days to better support recovery and sustainability. With proper attention to diet and recovery, athletes of all levels should see noticeable gains in strength and hypertrophy.

Deadlifts moved to the Lower Hypertrophy Day to optimize recovery.

Exercise order has been adjusted to accommodate this change, and calf volume has been slightly reduced.

Front squats have been replaced with Hack Squats for a better quad stimulus with less overall fatigue and a more manageable movement pattern.

Ab work has been added to each lower body day, which is optional but recommended for balanced core development.

For progression, aim to add either weight or reps each week. A simple method: once you hit the upper end of the rep range for a given exercise in all sets, increase the weight the next session. For Squat and Deadlift, add 10 lbs each time until you plateau, then reduce to 5 lbs increments. For Bench Press and OHP, aim to add 5 lbs each session. For accessory lifts, increase in the smallest possible increment.",['Advanced'],['Powerlifting'],Full Gym,12.0,90.0,10.0,2.0,6.0,Squat (Barbell),3.0,10.0,8.0,2024-11-18 11:11:00,2025-06-29 06:04:00
Optimized PHUL (Power Hypertrophy Upper Lower),"The goal of these revisions is to make the PHUL program more beginner-friendly by slightly altering exercise selection and rearranging the lower body days to better support recovery and sustainability. With proper attention to diet and recovery, athletes of all levels should see noticeable gains in strength and hypertrophy.

Deadlifts moved to the Lower Hypertrophy Day to optimize recovery.

Exercise order has been adjusted to accommodate this change, and calf volume has been slightly reduced.

Front squats have been replaced with Hack Squats for a better quad stimulus with less overall fatigue and a more manageable movement pattern.

Ab work has been added to each lower body day, which is optional but recommended for balanced core development.

For progression, aim to add either weight or reps each week. A simple method: once you hit the upper end of the rep range for a given exercise in all sets, increase the weight the next session. For Squat and Deadlift, add 10 lbs each time until you plateau, then reduce to 5 lbs increments. For Bench Press and OHP, aim to add 5 lbs each session. For accessory lifts, increase in the smallest possible increment.",['Advanced'],['Powerlifting'],Full Gym,12.0,90.0,10.0,2.0,6.0,Leg Press,3.0,10.0,7.0,2024-11-18 11:11:00,2025-06-29 06:04:00
Optimized PHUL (Power Hypertrophy Upper Lower),"The goal of these revisions is to make the PHUL program more beginner-friendly by slightly altering exercise selection and rearranging the lower body days to better support recovery and sustainability. With proper attention to diet and recovery, athletes of all levels should see noticeable gains in strength and hypertrophy.

Deadlifts moved to the Lower Hypertrophy Day to optimize recovery.

Exercise order has been adjusted to accommodate this change, and calf volume has been slightly reduced.

Front squats have been replaced with Hack Squats for a better quad stimulus with less overall fatigue and a more manageable movement pattern.

Ab work has been added to each lower body day, which is optional but recommended for balanced core development.

For progression, aim to add either weight or reps each week. A simple method: once you hit the upper end of the rep range for a given exercise in all sets, increase the weight the next session. For Squat and Deadlift, add 10 lbs each time until you plateau, then reduce to 5 lbs increments. For Bench Press and OHP, aim to add 5 lbs each session. For accessory lifts, increase in the smallest possible increment.",['Advanced'],['Powerlifting'],Full Gym,12.0,90.0,10.0,2.0,6.0,Seated Hamstring Curl,3.0,10.0,8.0,2024-11-18 11:11:00,2025-06-29 06:04:00
Optimized PHUL (Power Hypertrophy Upper Lower),"The goal of these revisions is to make the PHUL program more beginner-friendly by slightly altering exercise selection and rearranging the lower body days to better support recovery and sustainability. With proper attention to diet and recovery, athletes of all levels should see noticeable gains in strength and hypertrophy.

Deadlifts moved to the Lower Hypertrophy Day to optimize recovery.

Exercise order has been adjusted to accommodate this change, and calf volume has been slightly reduced.

Front squats have been replaced with Hack Squats for a better quad stimulus with less overall fatigue and a more manageable movement pattern.

Ab work has been added to each lower body day, which is optional but recommended for balanced core development.

For progression, aim to add either weight or reps each week. A simple method: once you hit the upper end of the rep range for a given exercise in all sets, increase the weight the next session. For Squat and Deadlift, add 10 lbs each time until you plateau, then reduce to 5 lbs increments. For Bench Press and OHP, aim to add 5 lbs each session. For accessory lifts, increase in the smallest possible increment.",['Advanced'],['Powerlifting'],Full Gym,12.0,90.0,10.0,2.0,6.0,Leg Extension,3.0,10.0,8.0,2024-11-18 11:11:00,2025-06-29 06:04:00
Optimized PHUL (Power Hypertrophy Upper Lower),"The goal of these revisions is to make the PHUL program more beginner-friendly by slightly altering exercise selection and rearranging the lower body days to better support recovery and sustainability. With proper attention to diet and recovery, athletes of all levels should see noticeable gains in strength and hypertrophy.

Deadlifts moved to the Lower Hypertrophy Day to optimize recovery.

Exercise order has been adjusted to accommodate this change, and calf volume has been slightly reduced.

Front squats have been replaced with Hack Squats for a better quad stimulus with less overall fatigue and a more manageable movement pattern.

Ab work has been added to each lower body day, which is optional but recommended for balanced core development.

For progression, aim to add either weight or reps each week. A simple method: once you hit the upper end of the rep range for a given exercise in all sets, increase the weight the next session. For Squat and Deadlift, add 10 lbs each time until you plateau, then reduce to 5 lbs increments. For Bench Press and OHP, aim to add 5 lbs each session. For accessory lifts, increase in the smallest possible increment.",['Advanced'],['Powerlifting'],Full Gym,12.0,90.0,10.0,2.0,6.0,Seated Calf Raise,4.0,10.0,8.0,2024-11-18 11:11:00,2025-06-29 06:04:00
Optimized PHUL (Power Hypertrophy Upper Lower),"The goal of these revisions is to make the PHUL program more beginner-friendly by slightly altering exercise selection and rearranging the lower body days to better support recovery and sustainability. With proper attention to diet and recovery, athletes of all levels should see noticeable gains in strength and hypertrophy.

Deadlifts moved to the Lower Hypertrophy Day to optimize recovery.

Exercise order has been adjusted to accommodate this change, and calf volume has been slightly reduced.

Front squats have been replaced with Hack Squats for a better quad stimulus with less overall fatigue and a more manageable movement pattern.

Ab work has been added to each lower body day, which is optional but recommended for balanced core development.

For progression, aim to add either weight or reps each week. A simple method: once you hit the upper end of the rep range for a given exercise in all sets, increase the weight the next session. For Squat and Deadlift, add 10 lbs each time until you plateau, then reduce to 5 lbs increments. For Bench Press and OHP, aim to add 5 lbs each session. For accessory lifts, increase in the smallest possible increment.",['Advanced'],['Powerlifting'],Full Gym,12.0,90.0,10.0,2.0,6.0,Abs Crunch (Machine),4.0,-120.0,10.0,2024-11-18 11:11:00,2025-06-29 06:04:00
Optimized PHUL (Power Hypertrophy Upper Lower),"The goal of these revisions is to make the PHUL program more beginner-friendly by slightly altering exercise selection and rearranging the lower body days to better support recovery and sustainability. With proper attention to diet and recovery, athletes of all levels should see noticeable gains in strength and hypertrophy.

Deadlifts moved to the Lower Hypertrophy Day to optimize recovery.

Exercise order has been adjusted to accommodate this change, and calf volume has been slightly reduced.

Front squats have been replaced with Hack Squats for a better quad stimulus with less overall fatigue and a more manageable movement pattern.

Ab work has been added to each lower body day, which is optional but recommended for balanced core development.

For progression, aim to add either weight or reps each week. A simple method: once you hit the upper end of the rep range for a given exercise in all sets, increase the weight the next session. For Squat and Deadlift, add 10 lbs each time until you plateau, then reduce to 5 lbs increments. For Bench Press and OHP, aim to add 5 lbs each session. For accessory lifts, increase in the smallest possible increment.",['Advanced'],['Powerlifting'],Full Gym,12.0,90.0,10.0,3.0,7.0,Incline Bench Press (Barbell),3.0,12.0,9.0,2024-11-18 11:11:00,2025-06-29 06:04:00
Optimized PHUL (Power Hypertrophy Upper Lower),"The goal of these revisions is to make the PHUL program more beginner-friendly by slightly altering exercise selection and rearranging the lower body days to better support recovery and sustainability. With proper attention to diet and recovery, athletes of all levels should see noticeable gains in strength and hypertrophy.

Deadlifts moved to the Lower Hypertrophy Day to optimize recovery.

Exercise order has been adjusted to accommodate this change, and calf volume has been slightly reduced.

Front squats have been replaced with Hack Squats for a better quad stimulus with less overall fatigue and a more manageable movement pattern.

Ab work has been added to each lower body day, which is optional but recommended for balanced core development.

For progression, aim to add either weight or reps each week. A simple method: once you hit the upper end of the rep range for a given exercise in all sets, increase the weight the next session. For Squat and Deadlift, add 10 lbs each time until you plateau, then reduce to 5 lbs increments. For Bench Press and OHP, aim to add 5 lbs each session. For accessory lifts, increase in the smallest possible increment.",['Advanced'],['Powerlifting'],Full Gym,12.0,90.0,10.0,3.0,7.0,Chest Fly (Machine),3.0,10.0,8.0,2024-11-18 11:11:00,2025-06-29 06:04:00
Optimized PHUL (Power Hypertrophy Upper Lower),"The goal of these revisions is to make the PHUL program more beginner-friendly by slightly altering exercise selection and rearranging the lower body days to better support recovery and sustainability. With proper attention to diet and recovery, athletes of all levels should see noticeable gains in strength and hypertrophy.

Deadlifts moved to the Lower Hypertrophy Day to optimize recovery.

Exercise order has been adjusted to accommodate this change, and calf volume has been slightly reduced.

Front squats have been replaced with Hack Squats for a better quad stimulus with less overall fatigue and a more manageable movement pattern.

Ab work has been added to each lower body day, which is optional but recommended for balanced core development.

For progression, aim to add either weight or reps each week. A simple method: once you hit the upper end of the rep range for a given exercise in all sets, increase the weight the next session. For Squat and Deadlift, add 10 lbs each time until you plateau, then reduce to 5 lbs increments. For Bench Press and OHP, aim to add 5 lbs each session. For accessory lifts, increase in the smallest possible increment.",['Advanced'],['Powerlifting'],Full Gym,12.0,90.0,10.0,3.0,7.0,Seated Row (Cable),3.0,10.0,8.0,2024-11-18 11:11:00,2025-06-29 06:04:00
Optimized PHUL (Power Hypertrophy Upper Lower),"The goal of these revisions is to make the PHUL program more beginner-friendly by slightly altering exercise selection and rearranging the lower body days to better support recovery and sustainability. With proper attention to diet and recovery, athletes of all levels should see noticeable gains in strength and hypertrophy.

Deadlifts moved to the Lower Hypertrophy Day to optimize recovery.

Exercise order has been adjusted to accommodate this change, and calf volume has been slightly reduced.

Front squats have been replaced with Hack Squats for a better quad stimulus with less overall fatigue and a more manageable movement pattern.

Ab work has been added to each lower body day, which is optional but recommended for balanced core development.

For progression, aim to add either weight or reps each week. A simple method: once you hit the upper end of the rep range for a given exercise in all sets, increase the weight the next session. For Squat and Deadlift, add 10 lbs each time until you plateau, then reduce to 5 lbs increments. For Bench Press and OHP, aim to add 5 lbs each session. For accessory lifts, increase in the smallest possible increment.",['Advanced'],['Powerlifting'],Full Gym,12.0,90.0,10.0,3.0,7.0,Single Arm Row (Dumbbell),3.0,10.0,8.0,2024-11-18 11:11:00,2025-06-29 06:04:00
Optimized PHUL (Power Hypertrophy Upper Lower),"The goal of these revisions is to make the PHUL program more beginner-friendly by slightly altering exercise selection and rearranging the lower body days to better support recovery and sustainability. With proper attention to diet and recovery, athletes of all levels should see noticeable gains in strength and hypertrophy.

Deadlifts moved to the Lower Hypertrophy Day to optimize recovery.

Exercise order has been adjusted to accommodate this change, and calf volume has been slightly reduced.

Front squats have been replaced with Hack Squats for a better quad stimulus with less overall fatigue and a more manageable movement pattern.

Ab work has been added to each lower body day, which is optional but recommended for balanced core development.

For progression, aim to add either weight or reps each week. A simple method: once you hit the upper end of the rep range for a given exercise in all sets, increase the weight the next session. For Squat and Deadlift, add 10 lbs each time until you plateau, then reduce to 5 lbs increments. For Bench Press and OHP, aim to add 5 lbs each session. For accessory lifts, increase in the smallest possible increment.",['Advanced'],['Powerlifting'],Full Gym,12.0,90.0,10.0,3.0,7.0,Lateral Raise (Dumbbell),3.0,10.0,8.0,2024-11-18 11:11:00,2025-06-29 06:04:00
Optimized PHUL (Power Hypertrophy Upper Lower),"The goal of these revisions is to make the PHUL program more beginner-friendly by slightly altering exercise selection and rearranging the lower body days to better support recovery and sustainability. With proper attention to diet and recovery, athletes of all levels should see noticeable gains in strength and hypertrophy.

Deadlifts moved to the Lower Hypertrophy Day to optimize recovery.

Exercise order has been adjusted to accommodate this change, and calf volume has been slightly reduced.

Front squats have been replaced with Hack Squats for a better quad stimulus with less overall fatigue and a more manageable movement pattern.

Ab work has been added to each lower body day, which is optional but recommended for balanced core development.

For progression, aim to add either weight or reps each week. A simple method: once you hit the upper end of the rep range for a given exercise in all sets, increase the weight the next session. For Squat and Deadlift, add 10 lbs each time until you plateau, then reduce to 5 lbs increments. For Bench Press and OHP, aim to add 5 lbs each session. For accessory lifts, increase in the smallest possible increment.",['Advanced'],['Powerlifting'],Full Gym,12.0,90.0,10.0,3.0,7.0,Incline Curl (Dumbbell),3.0,10.0,8.0,2024-11-18 11:11:00,2025-06-29 06:04:00
Optimized PHUL (Power Hypertrophy Upper Lower),"The goal of these revisions is to make the PHUL program more beginner-friendly by slightly altering exercise selection and rearranging the lower body days to better support recovery and sustainability. With proper attention to diet and recovery, athletes of all levels should see noticeable gains in strength and hypertrophy.

Deadlifts moved to the Lower Hypertrophy Day to optimize recovery.

Exercise order has been adjusted to accommodate this change, and calf volume has been slightly reduced.

Front squats have been replaced with Hack Squats for a better quad stimulus with less overall fatigue and a more manageable movement pattern.

Ab work has been added to each lower body day, which is optional but recommended for balanced core development.

For progression, aim to add either weight or reps each week. A simple method: once you hit the upper end of the rep range for a given exercise in all sets, increase the weight the next session. For Squat and Deadlift, add 10 lbs each time until you plateau, then reduce to 5 lbs increments. For Bench Press and OHP, aim to add 5 lbs each session. For accessory lifts, increase in the smallest possible increment.",['Advanced'],['Powerlifting'],Full Gym,12.0,90.0,10.0,3.0,7.0,Tricep Extension (Cable),3.0,10.0,8.0,2024-11-18 11:11:00,2025-06-29 06:04:00
Optimized PHUL (Power Hypertrophy Upper Lower),"The goal of these revisions is to make the PHUL program more beginner-friendly by slightly altering exercise selection and rearranging the lower body days to better support recovery and sustainability. With proper attention to diet and recovery, athletes of all levels should see noticeable gains in strength and hypertrophy.

Deadlifts moved to the Lower Hypertrophy Day to optimize recovery.

Exercise order has been adjusted to accommodate this change, and calf volume has been slightly reduced.

Front squats have been replaced with Hack Squats for a better quad stimulus with less overall fatigue and a more manageable movement pattern.

Ab work has been added to each lower body day, which is optional but recommended for balanced core development.

For progression, aim to add either weight or reps each week. A simple method: once you hit the upper end of the rep range for a given exercise in all sets, increase the weight the next session. For Squat and Deadlift, add 10 lbs each time until you plateau, then reduce to 5 lbs increments. For Bench Press and OHP, aim to add 5 lbs each session. For accessory lifts, increase in the smallest possible increment.",['Advanced'],['Powerlifting'],Full Gym,12.0,90.0,10.0,4.0,6.0,Deadlift (Barbell),3.0,10.0,8.0,2024-11-18 11:11:00,2025-06-29 06:04:00
Optimized PHUL (Power Hypertrophy Upper Lower),"The goal of these revisions is to make the PHUL program more beginner-friendly by slightly altering exercise selection and rearranging the lower body days to better support recovery and sustainability. With proper attention to diet and recovery, athletes of all levels should see noticeable gains in strength and hypertrophy.

Deadlifts moved to the Lower Hypertrophy Day to optimize recovery.

Exercise order has been adjusted to accommodate this change, and calf volume has been slightly reduced.

Front squats have been replaced with Hack Squats for a better quad stimulus with less overall fatigue and a more manageable movement pattern.

Ab work has been added to each lower body day, which is optional but recommended for balanced core development.

For progression, aim to add either weight or reps each week. A simple method: once you hit the upper end of the rep range for a given exercise in all sets, increase the weight the next session. For Squat and Deadlift, add 10 lbs each time until you plateau, then reduce to 5 lbs increments. For Bench Press and OHP, aim to add 5 lbs each session. For accessory lifts, increase in the smallest possible increment.",['Advanced'],['Powerlifting'],Full Gym,12.0,90.0,10.0,4.0,6.0,Hack Squat,3.0,10.0,8.0,2024-11-18 11:11:00,2025-06-29 06:04:00
Optimized PHUL (Power Hypertrophy Upper Lower),"The goal of these revisions is to make the PHUL program more beginner-friendly by slightly altering exercise selection and rearranging the lower body days to better support recovery and sustainability. With proper attention to diet and recovery, athletes of all levels should see noticeable gains in strength and hypertrophy.

Deadlifts moved to the Lower Hypertrophy Day to optimize recovery.

Exercise order has been adjusted to accommodate this change, and calf volume has been slightly reduced.

Front squats have been replaced with Hack Squats for a better quad stimulus with less overall fatigue and a more manageable movement pattern.

Ab work has been added to each lower body day, which is optional but recommended for balanced core development.

For progression, aim to add either weight or reps each week. A simple method: once you hit the upper end of the rep range for a given exercise in all sets, increase the weight the next session. For Squat and Deadlift, add 10 lbs each time until you plateau, then reduce to 5 lbs increments. For Bench Press and OHP, aim to add 5 lbs each session. For accessory lifts, increase in the smallest possible increment.",['Advanced'],['Powerlifting'],Full Gym,12.0,90.0,10.0,4.0,6.0,Reverse Lunge (Barbell),3.0,10.0,8.0,2024-11-18 11:11:00,2025-06-29 06:04:00
Optimized PHUL (Power Hypertrophy Upper Lower),"The goal of these revisions is to make the PHUL program more beginner-friendly by slightly altering exercise selection and rearranging the lower body days to better support recovery and sustainability. With proper attention to diet and recovery, athletes of all levels should see noticeable gains in strength and hypertrophy.

Deadlifts moved to the Lower Hypertrophy Day to optimize recovery.

Exercise order has been adjusted to accommodate this change, and calf volume has been slightly reduced.

Front squats have been replaced with Hack Squats for a better quad stimulus with less overall fatigue and a more manageable movement pattern.

Ab work has been added to each lower body day, which is optional but recommended for balanced core development.

For progression, aim to add either weight or reps each week. A simple method: once you hit the upper end of the rep range for a given exercise in all sets, increase the weight the next session. For Squat and Deadlift, add 10 lbs each time until you plateau, then reduce to 5 lbs increments. For Bench Press and OHP, aim to add 5 lbs each session. For accessory lifts, increase in the smallest possible increment.",['Advanced'],['Powerlifting'],Full Gym,12.0,90.0,10.0,4.0,6.0,Seated Hamstring Curl,3.0,-120.0,8.0,2024-11-18 11:11:00,2025-06-29 06:04:00
Optimized PHUL (Power Hypertrophy Upper Lower),"The goal of these revisions is to make the PHUL program more beginner-friendly by slightly altering exercise selection and rearranging the lower body days to better support recovery and sustainability. With proper attention to diet and recovery, athletes of all levels should see noticeable gains in strength and hypertrophy.

Deadlifts moved to the Lower Hypertrophy Day to optimize recovery.

Exercise order has been adjusted to accommodate this change, and calf volume has been slightly reduced.

Front squats have been replaced with Hack Squats for a better quad stimulus with less overall fatigue and a more manageable movement pattern.

Ab work has been added to each lower body day, which is optional but recommended for balanced core development.

For progression, aim to add either weight or reps each week. A simple method: once you hit the upper end of the rep range for a given exercise in all sets, increase the weight the next session. For Squat and Deadlift, add 10 lbs each time until you plateau, then reduce to 5 lbs increments. For Bench Press and OHP, aim to add 5 lbs each session. For accessory lifts, increase in the smallest possible increment.",['Advanced'],['Powerlifting'],Full Gym,12.0,90.0,10.0,4.0,6.0,Standing Calf Raise,4.0,8.0,8.0,2024-11-18 11:11:00,2025-06-29 06:04:00
Optimized PHUL (Power Hypertrophy Upper Lower),"The goal of these revisions is to make the PHUL program more beginner-friendly by slightly altering exercise selection and rearranging the lower body days to better support recovery and sustainability. With proper attention to diet and recovery, athletes of all levels should see noticeable gains in strength and hypertrophy.

Deadlifts moved to the Lower Hypertrophy Day to optimize recovery.

Exercise order has been adjusted to accommodate this change, and calf volume has been slightly reduced.

Front squats have been replaced with Hack Squats for a better quad stimulus with less overall fatigue and a more manageable movement pattern.

Ab work has been added to each lower body day, which is optional but recommended for balanced core development.

For progression, aim to add either weight or reps each week. A simple method: once you hit the upper end of the rep range for a given exercise in all sets, increase the weight the next session. For Squat and Deadlift, add 10 lbs each time until you plateau, then reduce to 5 lbs increments. For Bench Press and OHP, aim to add 5 lbs each session. For accessory lifts, increase in the smallest possible increment.",['Advanced'],['Powerlifting'],Full Gym,12.0,90.0,10.0,4.0,6.0,Abs Crunch (Machine),4.0,8.0,8.0,2024-11-18 11:11:00,2025-06-29 06:04:00
Optimized PHUL (Power Hypertrophy Upper Lower),"The goal of these revisions is to make the PHUL program more beginner-friendly by slightly altering exercise selection and rearranging the lower body days to better support recovery and sustainability. With proper attention to diet and recovery, athletes of all levels should see noticeable gains in strength and hypertrophy.

Deadlifts moved to the Lower Hypertrophy Day to optimize recovery.

Exercise order has been adjusted to accommodate this change, and calf volume has been slightly reduced.

Front squats have been replaced with Hack Squats for a better quad stimulus with less overall fatigue and a more manageable movement pattern.

Ab work has been added to each lower body day, which is optional but recommended for balanced core development.

For progression, aim to add either weight or reps each week. A simple method: once you hit the upper end of the rep range for a given exercise in all sets, increase the weight the next session. For Squat and Deadlift, add 10 lbs each time until you plateau, then reduce to 5 lbs increments. For Bench Press and OHP, aim to add 5 lbs each session. For accessory lifts, increase in the smallest possible increment.",['Advanced'],['Powerlifting'],Full Gym,12.0,90.0,11.0,1.0,7.0,Bench Press (Barbell),3.0,10.0,8.0,2024-11-18 11:11:00,2025-06-29 06:04:00
Optimized PHUL (Power Hypertrophy Upper Lower),"The goal of these revisions is to make the PHUL program more beginner-friendly by slightly altering exercise selection and rearranging the lower body days to better support recovery and sustainability. With proper attention to diet and recovery, athletes of all levels should see noticeable gains in strength and hypertrophy.

Deadlifts moved to the Lower Hypertrophy Day to optimize recovery.

Exercise order has been adjusted to accommodate this change, and calf volume has been slightly reduced.

Front squats have been replaced with Hack Squats for a better quad stimulus with less overall fatigue and a more manageable movement pattern.

Ab work has been added to each lower body day, which is optional but recommended for balanced core development.

For progression, aim to add either weight or reps each week. A simple method: once you hit the upper end of the rep range for a given exercise in all sets, increase the weight the next session. For Squat and Deadlift, add 10 lbs each time until you plateau, then reduce to 5 lbs increments. For Bench Press and OHP, aim to add 5 lbs each session. For accessory lifts, increase in the smallest possible increment.",['Advanced'],['Powerlifting'],Full Gym,12.0,90.0,11.0,1.0,7.0,Incline Chest Press (Machine),3.0,12.0,8.0,2024-11-18 11:11:00,2025-06-29 06:04:00
Optimized PHUL (Power Hypertrophy Upper Lower),"The goal of these revisions is to make the PHUL program more beginner-friendly by slightly altering exercise selection and rearranging the lower body days to better support recovery and sustainability. With proper attention to diet and recovery, athletes of all levels should see noticeable gains in strength and hypertrophy.

Deadlifts moved to the Lower Hypertrophy Day to optimize recovery.

Exercise order has been adjusted to accommodate this change, and calf volume has been slightly reduced.

Front squats have been replaced with Hack Squats for a better quad stimulus with less overall fatigue and a more manageable movement pattern.

Ab work has been added to each lower body day, which is optional but recommended for balanced core development.

For progression, aim to add either weight or reps each week. A simple method: once you hit the upper end of the rep range for a given exercise in all sets, increase the weight the next session. For Squat and Deadlift, add 10 lbs each time until you plateau, then reduce to 5 lbs increments. For Bench Press and OHP, aim to add 5 lbs each session. For accessory lifts, increase in the smallest possible increment.",['Advanced'],['Powerlifting'],Full Gym,12.0,90.0,11.0,1.0,7.0,Bent Over Row (Barbell),3.0,8.0,8.0,2024-11-18 11:11:00,2025-06-29 06:04:00
Optimized PHUL (Power Hypertrophy Upper Lower),"The goal of these revisions is to make the PHUL program more beginner-friendly by slightly altering exercise selection and rearranging the lower body days to better support recovery and sustainability. With proper attention to diet and recovery, athletes of all levels should see noticeable gains in strength and hypertrophy.

Deadlifts moved to the Lower Hypertrophy Day to optimize recovery.

Exercise order has been adjusted to accommodate this change, and calf volume has been slightly reduced.

Front squats have been replaced with Hack Squats for a better quad stimulus with less overall fatigue and a more manageable movement pattern.

Ab work has been added to each lower body day, which is optional but recommended for balanced core development.

For progression, aim to add either weight or reps each week. A simple method: once you hit the upper end of the rep range for a given exercise in all sets, increase the weight the next session. For Squat and Deadlift, add 10 lbs each time until you plateau, then reduce to 5 lbs increments. For Bench Press and OHP, aim to add 5 lbs each session. For accessory lifts, increase in the smallest possible increment.",['Advanced'],['Powerlifting'],Full Gym,12.0,90.0,11.0,1.0,7.0,Lat Pulldown,3.0,8.0,8.0,2024-11-18 11:11:00,2025-06-29 06:04:00
Optimized PHUL (Power Hypertrophy Upper Lower),"The goal of these revisions is to make the PHUL program more beginner-friendly by slightly altering exercise selection and rearranging the lower body days to better support recovery and sustainability. With proper attention to diet and recovery, athletes of all levels should see noticeable gains in strength and hypertrophy.

Deadlifts moved to the Lower Hypertrophy Day to optimize recovery.

Exercise order has been adjusted to accommodate this change, and calf volume has been slightly reduced.

Front squats have been replaced with Hack Squats for a better quad stimulus with less overall fatigue and a more manageable movement pattern.

Ab work has been added to each lower body day, which is optional but recommended for balanced core development.

For progression, aim to add either weight or reps each week. A simple method: once you hit the upper end of the rep range for a given exercise in all sets, increase the weight the next session. For Squat and Deadlift, add 10 lbs each time until you plateau, then reduce to 5 lbs increments. For Bench Press and OHP, aim to add 5 lbs each session. For accessory lifts, increase in the smallest possible increment.",['Advanced'],['Powerlifting'],Full Gym,12.0,90.0,11.0,1.0,7.0,Overhead Press (Barbell),3.0,15.0,8.0,2024-11-18 11:11:00,2025-06-29 06:04:00
Optimized PHUL (Power Hypertrophy Upper Lower),"The goal of these revisions is to make the PHUL program more beginner-friendly by slightly altering exercise selection and rearranging the lower body days to better support recovery and sustainability. With proper attention to diet and recovery, athletes of all levels should see noticeable gains in strength and hypertrophy.

Deadlifts moved to the Lower Hypertrophy Day to optimize recovery.

Exercise order has been adjusted to accommodate this change, and calf volume has been slightly reduced.

Front squats have been replaced with Hack Squats for a better quad stimulus with less overall fatigue and a more manageable movement pattern.

Ab work has been added to each lower body day, which is optional but recommended for balanced core development.

For progression, aim to add either weight or reps each week. A simple method: once you hit the upper end of the rep range for a given exercise in all sets, increase the weight the next session. For Squat and Deadlift, add 10 lbs each time until you plateau, then reduce to 5 lbs increments. For Bench Press and OHP, aim to add 5 lbs each session. For accessory lifts, increase in the smallest possible increment.",['Advanced'],['Powerlifting'],Full Gym,12.0,90.0,11.0,1.0,7.0,Bicep Curl (EZ Bar),3.0,15.0,8.0,2024-11-18 11:11:00,2025-06-29 06:04:00
Optimized PHUL (Power Hypertrophy Upper Lower),"The goal of these revisions is to make the PHUL program more beginner-friendly by slightly altering exercise selection and rearranging the lower body days to better support recovery and sustainability. With proper attention to diet and recovery, athletes of all levels should see noticeable gains in strength and hypertrophy.

Deadlifts moved to the Lower Hypertrophy Day to optimize recovery.

Exercise order has been adjusted to accommodate this change, and calf volume has been slightly reduced.

Front squats have been replaced with Hack Squats for a better quad stimulus with less overall fatigue and a more manageable movement pattern.

Ab work has been added to each lower body day, which is optional but recommended for balanced core development.

For progression, aim to add either weight or reps each week. A simple method: once you hit the upper end of the rep range for a given exercise in all sets, increase the weight the next session. For Squat and Deadlift, add 10 lbs each time until you plateau, then reduce to 5 lbs increments. For Bench Press and OHP, aim to add 5 lbs each session. For accessory lifts, increase in the smallest possible increment.",['Advanced'],['Powerlifting'],Full Gym,12.0,90.0,11.0,1.0,7.0,Skull Crusher (Barbell),3.0,8.0,8.0,2024-11-18 11:11:00,2025-06-29 06:04:00
Optimized PHUL (Power Hypertrophy Upper Lower),"The goal of these revisions is to make the PHUL program more beginner-friendly by slightly altering exercise selection and rearranging the lower body days to better support recovery and sustainability. With proper attention to diet and recovery, athletes of all levels should see noticeable gains in strength and hypertrophy.

Deadlifts moved to the Lower Hypertrophy Day to optimize recovery.

Exercise order has been adjusted to accommodate this change, and calf volume has been slightly reduced.

Front squats have been replaced with Hack Squats for a better quad stimulus with less overall fatigue and a more manageable movement pattern.

Ab work has been added to each lower body day, which is optional but recommended for balanced core development.

For progression, aim to add either weight or reps each week. A simple method: once you hit the upper end of the rep range for a given exercise in all sets, increase the weight the next session. For Squat and Deadlift, add 10 lbs each time until you plateau, then reduce to 5 lbs increments. For Bench Press and OHP, aim to add 5 lbs each session. For accessory lifts, increase in the smallest possible increment.",['Advanced'],['Powerlifting'],Full Gym,12.0,90.0,11.0,2.0,6.0,Squat (Barbell),3.0,8.0,8.0,2024-11-18 11:11:00,2025-06-29 06:04:00
Optimized PHUL (Power Hypertrophy Upper Lower),"The goal of these revisions is to make the PHUL program more beginner-friendly by slightly altering exercise selection and rearranging the lower body days to better support recovery and sustainability. With proper attention to diet and recovery, athletes of all levels should see noticeable gains in strength and hypertrophy.

Deadlifts moved to the Lower Hypertrophy Day to optimize recovery.

Exercise order has been adjusted to accommodate this change, and calf volume has been slightly reduced.

Front squats have been replaced with Hack Squats for a better quad stimulus with less overall fatigue and a more manageable movement pattern.

Ab work has been added to each lower body day, which is optional but recommended for balanced core development.

For progression, aim to add either weight or reps each week. A simple method: once you hit the upper end of the rep range for a given exercise in all sets, increase the weight the next session. For Squat and Deadlift, add 10 lbs each time until you plateau, then reduce to 5 lbs increments. For Bench Press and OHP, aim to add 5 lbs each session. For accessory lifts, increase in the smallest possible increment.",['Advanced'],['Powerlifting'],Full Gym,12.0,90.0,11.0,2.0,6.0,Leg Press,3.0,10.0,8.0,2024-11-18 11:11:00,2025-06-29 06:04:00
Optimized PHUL (Power Hypertrophy Upper Lower),"The goal of these revisions is to make the PHUL program more beginner-friendly by slightly altering exercise selection and rearranging the lower body days to better support recovery and sustainability. With proper attention to diet and recovery, athletes of all levels should see noticeable gains in strength and hypertrophy.

Deadlifts moved to the Lower Hypertrophy Day to optimize recovery.

Exercise order has been adjusted to accommodate this change, and calf volume has been slightly reduced.

Front squats have been replaced with Hack Squats for a better quad stimulus with less overall fatigue and a more manageable movement pattern.

Ab work has been added to each lower body day, which is optional but recommended for balanced core development.

For progression, aim to add either weight or reps each week. A simple method: once you hit the upper end of the rep range for a given exercise in all sets, increase the weight the next session. For Squat and Deadlift, add 10 lbs each time until you plateau, then reduce to 5 lbs increments. For Bench Press and OHP, aim to add 5 lbs each session. For accessory lifts, increase in the smallest possible increment.",['Advanced'],['Powerlifting'],Full Gym,12.0,90.0,11.0,2.0,6.0,Seated Hamstring Curl,3.0,12.0,8.0,2024-11-18 11:11:00,2025-06-29 06:04:00
Optimized PHUL (Power Hypertrophy Upper Lower),"The goal of these revisions is to make the PHUL program more beginner-friendly by slightly altering exercise selection and rearranging the lower body days to better support recovery and sustainability. With proper attention to diet and recovery, athletes of all levels should see noticeable gains in strength and hypertrophy.

Deadlifts moved to the Lower Hypertrophy Day to optimize recovery.

Exercise order has been adjusted to accommodate this change, and calf volume has been slightly reduced.

Front squats have been replaced with Hack Squats for a better quad stimulus with less overall fatigue and a more manageable movement pattern.

Ab work has been added to each lower body day, which is optional but recommended for balanced core development.

For progression, aim to add either weight or reps each week. A simple method: once you hit the upper end of the rep range for a given exercise in all sets, increase the weight the next session. For Squat and Deadlift, add 10 lbs each time until you plateau, then reduce to 5 lbs increments. For Bench Press and OHP, aim to add 5 lbs each session. For accessory lifts, increase in the smallest possible increment.",['Advanced'],['Powerlifting'],Full Gym,12.0,90.0,11.0,2.0,6.0,Leg Extension,3.0,-120.0,8.0,2024-11-18 11:11:00,2025-06-29 06:04:00
Optimized PHUL (Power Hypertrophy Upper Lower),"The goal of these revisions is to make the PHUL program more beginner-friendly by slightly altering exercise selection and rearranging the lower body days to better support recovery and sustainability. With proper attention to diet and recovery, athletes of all levels should see noticeable gains in strength and hypertrophy.

Deadlifts moved to the Lower Hypertrophy Day to optimize recovery.

Exercise order has been adjusted to accommodate this change, and calf volume has been slightly reduced.

Front squats have been replaced with Hack Squats for a better quad stimulus with less overall fatigue and a more manageable movement pattern.

Ab work has been added to each lower body day, which is optional but recommended for balanced core development.

For progression, aim to add either weight or reps each week. A simple method: once you hit the upper end of the rep range for a given exercise in all sets, increase the weight the next session. For Squat and Deadlift, add 10 lbs each time until you plateau, then reduce to 5 lbs increments. For Bench Press and OHP, aim to add 5 lbs each session. For accessory lifts, increase in the smallest possible increment.",['Advanced'],['Powerlifting'],Full Gym,12.0,90.0,11.0,2.0,6.0,Seated Calf Raise,4.0,8.0,8.0,2024-11-18 11:11:00,2025-06-29 06:04:00
Optimized PHUL (Power Hypertrophy Upper Lower),"The goal of these revisions is to make the PHUL program more beginner-friendly by slightly altering exercise selection and rearranging the lower body days to better support recovery and sustainability. With proper attention to diet and recovery, athletes of all levels should see noticeable gains in strength and hypertrophy.

Deadlifts moved to the Lower Hypertrophy Day to optimize recovery.

Exercise order has been adjusted to accommodate this change, and calf volume has been slightly reduced.

Front squats have been replaced with Hack Squats for a better quad stimulus with less overall fatigue and a more manageable movement pattern.

Ab work has been added to each lower body day, which is optional but recommended for balanced core development.

For progression, aim to add either weight or reps each week. A simple method: once you hit the upper end of the rep range for a given exercise in all sets, increase the weight the next session. For Squat and Deadlift, add 10 lbs each time until you plateau, then reduce to 5 lbs increments. For Bench Press and OHP, aim to add 5 lbs each session. For accessory lifts, increase in the smallest possible increment.",['Advanced'],['Powerlifting'],Full Gym,12.0,90.0,11.0,2.0,6.0,Abs Crunch (Machine),4.0,8.0,8.0,2024-11-18 11:11:00,2025-06-29 06:04:00
Optimized PHUL (Power Hypertrophy Upper Lower),"The goal of these revisions is to make the PHUL program more beginner-friendly by slightly altering exercise selection and rearranging the lower body days to better support recovery and sustainability. With proper attention to diet and recovery, athletes of all levels should see noticeable gains in strength and hypertrophy.

Deadlifts moved to the Lower Hypertrophy Day to optimize recovery.

Exercise order has been adjusted to accommodate this change, and calf volume has been slightly reduced.

Front squats have been replaced with Hack Squats for a better quad stimulus with less overall fatigue and a more manageable movement pattern.

Ab work has been added to each lower body day, which is optional but recommended for balanced core development.

For progression, aim to add either weight or reps each week. A simple method: once you hit the upper end of the rep range for a given exercise in all sets, increase the weight the next session. For Squat and Deadlift, add 10 lbs each time until you plateau, then reduce to 5 lbs increments. For Bench Press and OHP, aim to add 5 lbs each session. For accessory lifts, increase in the smallest possible increment.",['Advanced'],['Powerlifting'],Full Gym,12.0,90.0,11.0,3.0,7.0,Incline Bench Press (Barbell),3.0,10.0,8.0,2024-11-18 11:11:00,2025-06-29 06:04:00
Optimized PHUL (Power Hypertrophy Upper Lower),"The goal of these revisions is to make the PHUL program more beginner-friendly by slightly altering exercise selection and rearranging the lower body days to better support recovery and sustainability. With proper attention to diet and recovery, athletes of all levels should see noticeable gains in strength and hypertrophy.

Deadlifts moved to the Lower Hypertrophy Day to optimize recovery.

Exercise order has been adjusted to accommodate this change, and calf volume has been slightly reduced.

Front squats have been replaced with Hack Squats for a better quad stimulus with less overall fatigue and a more manageable movement pattern.

Ab work has been added to each lower body day, which is optional but recommended for balanced core development.

For progression, aim to add either weight or reps each week. A simple method: once you hit the upper end of the rep range for a given exercise in all sets, increase the weight the next session. For Squat and Deadlift, add 10 lbs each time until you plateau, then reduce to 5 lbs increments. For Bench Press and OHP, aim to add 5 lbs each session. For accessory lifts, increase in the smallest possible increment.",['Advanced'],['Powerlifting'],Full Gym,12.0,90.0,11.0,3.0,7.0,Chest Fly (Machine),3.0,12.0,8.0,2024-11-18 11:11:00,2025-06-29 06:04:00
Optimized PHUL (Power Hypertrophy Upper Lower),"The goal of these revisions is to make the PHUL program more beginner-friendly by slightly altering exercise selection and rearranging the lower body days to better support recovery and sustainability. With proper attention to diet and recovery, athletes of all levels should see noticeable gains in strength and hypertrophy.

Deadlifts moved to the Lower Hypertrophy Day to optimize recovery.

Exercise order has been adjusted to accommodate this change, and calf volume has been slightly reduced.

Front squats have been replaced with Hack Squats for a better quad stimulus with less overall fatigue and a more manageable movement pattern.

Ab work has been added to each lower body day, which is optional but recommended for balanced core development.

For progression, aim to add either weight or reps each week. A simple method: once you hit the upper end of the rep range for a given exercise in all sets, increase the weight the next session. For Squat and Deadlift, add 10 lbs each time until you plateau, then reduce to 5 lbs increments. For Bench Press and OHP, aim to add 5 lbs each session. For accessory lifts, increase in the smallest possible increment.",['Advanced'],['Powerlifting'],Full Gym,12.0,90.0,11.0,3.0,7.0,Seated Row (Cable),3.0,8.0,8.0,2024-11-18 11:11:00,2025-06-29 06:04:00
Optimized PHUL (Power Hypertrophy Upper Lower),"The goal of these revisions is to make the PHUL program more beginner-friendly by slightly altering exercise selection and rearranging the lower body days to better support recovery and sustainability. With proper attention to diet and recovery, athletes of all levels should see noticeable gains in strength and hypertrophy.

Deadlifts moved to the Lower Hypertrophy Day to optimize recovery.

Exercise order has been adjusted to accommodate this change, and calf volume has been slightly reduced.

Front squats have been replaced with Hack Squats for a better quad stimulus with less overall fatigue and a more manageable movement pattern.

Ab work has been added to each lower body day, which is optional but recommended for balanced core development.

For progression, aim to add either weight or reps each week. A simple method: once you hit the upper end of the rep range for a given exercise in all sets, increase the weight the next session. For Squat and Deadlift, add 10 lbs each time until you plateau, then reduce to 5 lbs increments. For Bench Press and OHP, aim to add 5 lbs each session. For accessory lifts, increase in the smallest possible increment.",['Advanced'],['Powerlifting'],Full Gym,12.0,90.0,11.0,3.0,7.0,Single Arm Row (Dumbbell),3.0,8.0,8.0,2024-11-18 11:11:00,2025-06-29 06:04:00
Optimized PHUL (Power Hypertrophy Upper Lower),"The goal of these revisions is to make the PHUL program more beginner-friendly by slightly altering exercise selection and rearranging the lower body days to better support recovery and sustainability. With proper attention to diet and recovery, athletes of all levels should see noticeable gains in strength and hypertrophy.

Deadlifts moved to the Lower Hypertrophy Day to optimize recovery.

Exercise order has been adjusted to accommodate this change, and calf volume has been slightly reduced.

Front squats have been replaced with Hack Squats for a better quad stimulus with less overall fatigue and a more manageable movement pattern.

Ab work has been added to each lower body day, which is optional but recommended for balanced core development.

For progression, aim to add either weight or reps each week. A simple method: once you hit the upper end of the rep range for a given exercise in all sets, increase the weight the next session. For Squat and Deadlift, add 10 lbs each time until you plateau, then reduce to 5 lbs increments. For Bench Press and OHP, aim to add 5 lbs each session. For accessory lifts, increase in the smallest possible increment.",['Advanced'],['Powerlifting'],Full Gym,12.0,90.0,11.0,3.0,7.0,Lateral Raise (Dumbbell),3.0,15.0,8.0,2024-11-18 11:11:00,2025-06-29 06:04:00
Optimized PHUL (Power Hypertrophy Upper Lower),"The goal of these revisions is to make the PHUL program more beginner-friendly by slightly altering exercise selection and rearranging the lower body days to better support recovery and sustainability. With proper attention to diet and recovery, athletes of all levels should see noticeable gains in strength and hypertrophy.

Deadlifts moved to the Lower Hypertrophy Day to optimize recovery.

Exercise order has been adjusted to accommodate this change, and calf volume has been slightly reduced.

Front squats have been replaced with Hack Squats for a better quad stimulus with less overall fatigue and a more manageable movement pattern.

Ab work has been added to each lower body day, which is optional but recommended for balanced core development.

For progression, aim to add either weight or reps each week. A simple method: once you hit the upper end of the rep range for a given exercise in all sets, increase the weight the next session. For Squat and Deadlift, add 10 lbs each time until you plateau, then reduce to 5 lbs increments. For Bench Press and OHP, aim to add 5 lbs each session. For accessory lifts, increase in the smallest possible increment.",['Advanced'],['Powerlifting'],Full Gym,12.0,90.0,11.0,3.0,7.0,Incline Curl (Dumbbell),3.0,15.0,8.0,2024-11-18 11:11:00,2025-06-29 06:04:00
Optimized PHUL (Power Hypertrophy Upper Lower),"The goal of these revisions is to make the PHUL program more beginner-friendly by slightly altering exercise selection and rearranging the lower body days to better support recovery and sustainability. With proper attention to diet and recovery, athletes of all levels should see noticeable gains in strength and hypertrophy.

Deadlifts moved to the Lower Hypertrophy Day to optimize recovery.

Exercise order has been adjusted to accommodate this change, and calf volume has been slightly reduced.

Front squats have been replaced with Hack Squats for a better quad stimulus with less overall fatigue and a more manageable movement pattern.

Ab work has been added to each lower body day, which is optional but recommended for balanced core development.

For progression, aim to add either weight or reps each week. A simple method: once you hit the upper end of the rep range for a given exercise in all sets, increase the weight the next session. For Squat and Deadlift, add 10 lbs each time until you plateau, then reduce to 5 lbs increments. For Bench Press and OHP, aim to add 5 lbs each session. For accessory lifts, increase in the smallest possible increment.",['Advanced'],['Powerlifting'],Full Gym,12.0,90.0,11.0,3.0,7.0,Tricep Extension (Cable),3.0,8.0,8.0,2024-11-18 11:11:00,2025-06-29 06:04:00
Optimized PHUL (Power Hypertrophy Upper Lower),"The goal of these revisions is to make the PHUL program more beginner-friendly by slightly altering exercise selection and rearranging the lower body days to better support recovery and sustainability. With proper attention to diet and recovery, athletes of all levels should see noticeable gains in strength and hypertrophy.

Deadlifts moved to the Lower Hypertrophy Day to optimize recovery.

Exercise order has been adjusted to accommodate this change, and calf volume has been slightly reduced.

Front squats have been replaced with Hack Squats for a better quad stimulus with less overall fatigue and a more manageable movement pattern.

Ab work has been added to each lower body day, which is optional but recommended for balanced core development.

For progression, aim to add either weight or reps each week. A simple method: once you hit the upper end of the rep range for a given exercise in all sets, increase the weight the next session. For Squat and Deadlift, add 10 lbs each time until you plateau, then reduce to 5 lbs increments. For Bench Press and OHP, aim to add 5 lbs each session. For accessory lifts, increase in the smallest possible increment.",['Advanced'],['Powerlifting'],Full Gym,12.0,90.0,11.0,4.0,6.0,Deadlift (Barbell),3.0,8.0,8.0,2024-11-18 11:11:00,2025-06-29 06:04:00
Optimized PHUL (Power Hypertrophy Upper Lower),"The goal of these revisions is to make the PHUL program more beginner-friendly by slightly altering exercise selection and rearranging the lower body days to better support recovery and sustainability. With proper attention to diet and recovery, athletes of all levels should see noticeable gains in strength and hypertrophy.

Deadlifts moved to the Lower Hypertrophy Day to optimize recovery.

Exercise order has been adjusted to accommodate this change, and calf volume has been slightly reduced.

Front squats have been replaced with Hack Squats for a better quad stimulus with less overall fatigue and a more manageable movement pattern.

Ab work has been added to each lower body day, which is optional but recommended for balanced core development.

For progression, aim to add either weight or reps each week. A simple method: once you hit the upper end of the rep range for a given exercise in all sets, increase the weight the next session. For Squat and Deadlift, add 10 lbs each time until you plateau, then reduce to 5 lbs increments. For Bench Press and OHP, aim to add 5 lbs each session. For accessory lifts, increase in the smallest possible increment.",['Advanced'],['Powerlifting'],Full Gym,12.0,90.0,11.0,4.0,6.0,Hack Squat,3.0,10.0,8.0,2024-11-18 11:11:00,2025-06-29 06:04:00
Optimized PHUL (Power Hypertrophy Upper Lower),"The goal of these revisions is to make the PHUL program more beginner-friendly by slightly altering exercise selection and rearranging the lower body days to better support recovery and sustainability. With proper attention to diet and recovery, athletes of all levels should see noticeable gains in strength and hypertrophy.

Deadlifts moved to the Lower Hypertrophy Day to optimize recovery.

Exercise order has been adjusted to accommodate this change, and calf volume has been slightly reduced.

Front squats have been replaced with Hack Squats for a better quad stimulus with less overall fatigue and a more manageable movement pattern.

Ab work has been added to each lower body day, which is optional but recommended for balanced core development.

For progression, aim to add either weight or reps each week. A simple method: once you hit the upper end of the rep range for a given exercise in all sets, increase the weight the next session. For Squat and Deadlift, add 10 lbs each time until you plateau, then reduce to 5 lbs increments. For Bench Press and OHP, aim to add 5 lbs each session. For accessory lifts, increase in the smallest possible increment.",['Advanced'],['Powerlifting'],Full Gym,12.0,90.0,11.0,4.0,6.0,Reverse Lunge (Barbell),3.0,12.0,8.0,2024-11-18 11:11:00,2025-06-29 06:04:00
Optimized PHUL (Power Hypertrophy Upper Lower),"The goal of these revisions is to make the PHUL program more beginner-friendly by slightly altering exercise selection and rearranging the lower body days to better support recovery and sustainability. With proper attention to diet and recovery, athletes of all levels should see noticeable gains in strength and hypertrophy.

Deadlifts moved to the Lower Hypertrophy Day to optimize recovery.

Exercise order has been adjusted to accommodate this change, and calf volume has been slightly reduced.

Front squats have been replaced with Hack Squats for a better quad stimulus with less overall fatigue and a more manageable movement pattern.

Ab work has been added to each lower body day, which is optional but recommended for balanced core development.

For progression, aim to add either weight or reps each week. A simple method: once you hit the upper end of the rep range for a given exercise in all sets, increase the weight the next session. For Squat and Deadlift, add 10 lbs each time until you plateau, then reduce to 5 lbs increments. For Bench Press and OHP, aim to add 5 lbs each session. For accessory lifts, increase in the smallest possible increment.",['Advanced'],['Powerlifting'],Full Gym,12.0,90.0,11.0,4.0,6.0,Seated Hamstring Curl,3.0,-120.0,8.0,2024-11-18 11:11:00,2025-06-29 06:04:00
Optimized PHUL (Power Hypertrophy Upper Lower),"The goal of these revisions is to make the PHUL program more beginner-friendly by slightly altering exercise selection and rearranging the lower body days to better support recovery and sustainability. With proper attention to diet and recovery, athletes of all levels should see noticeable gains in strength and hypertrophy.

Deadlifts moved to the Lower Hypertrophy Day to optimize recovery.

Exercise order has been adjusted to accommodate this change, and calf volume has been slightly reduced.

Front squats have been replaced with Hack Squats for a better quad stimulus with less overall fatigue and a more manageable movement pattern.

Ab work has been added to each lower body day, which is optional but recommended for balanced core development.

For progression, aim to add either weight or reps each week. A simple method: once you hit the upper end of the rep range for a given exercise in all sets, increase the weight the next session. For Squat and Deadlift, add 10 lbs each time until you plateau, then reduce to 5 lbs increments. For Bench Press and OHP, aim to add 5 lbs each session. For accessory lifts, increase in the smallest possible increment.",['Advanced'],['Powerlifting'],Full Gym,12.0,90.0,11.0,4.0,6.0,Standing Calf Raise,4.0,8.0,8.0,2024-11-18 11:11:00,2025-06-29 06:04:00
Optimized PHUL (Power Hypertrophy Upper Lower),"The goal of these revisions is to make the PHUL program more beginner-friendly by slightly altering exercise selection and rearranging the lower body days to better support recovery and sustainability. With proper attention to diet and recovery, athletes of all levels should see noticeable gains in strength and hypertrophy.

Deadlifts moved to the Lower Hypertrophy Day to optimize recovery.

Exercise order has been adjusted to accommodate this change, and calf volume has been slightly reduced.

Front squats have been replaced with Hack Squats for a better quad stimulus with less overall fatigue and a more manageable movement pattern.

Ab work has been added to each lower body day, which is optional but recommended for balanced core development.

For progression, aim to add either weight or reps each week. A simple method: once you hit the upper end of the rep range for a given exercise in all sets, increase the weight the next session. For Squat and Deadlift, add 10 lbs each time until you plateau, then reduce to 5 lbs increments. For Bench Press and OHP, aim to add 5 lbs each session. For accessory lifts, increase in the smallest possible increment.",['Advanced'],['Powerlifting'],Full Gym,12.0,90.0,11.0,4.0,6.0,Abs Crunch (Machine),4.0,8.0,8.0,2024-11-18 11:11:00,2025-06-29 06:04:00
Optimized PHUL (Power Hypertrophy Upper Lower),"The goal of these revisions is to make the PHUL program more beginner-friendly by slightly altering exercise selection and rearranging the lower body days to better support recovery and sustainability. With proper attention to diet and recovery, athletes of all levels should see noticeable gains in strength and hypertrophy.

Deadlifts moved to the Lower Hypertrophy Day to optimize recovery.

Exercise order has been adjusted to accommodate this change, and calf volume has been slightly reduced.

Front squats have been replaced with Hack Squats for a better quad stimulus with less overall fatigue and a more manageable movement pattern.

Ab work has been added to each lower body day, which is optional but recommended for balanced core development.

For progression, aim to add either weight or reps each week. A simple method: once you hit the upper end of the rep range for a given exercise in all sets, increase the weight the next session. For Squat and Deadlift, add 10 lbs each time until you plateau, then reduce to 5 lbs increments. For Bench Press and OHP, aim to add 5 lbs each session. For accessory lifts, increase in the smallest possible increment.",['Advanced'],['Powerlifting'],Full Gym,12.0,90.0,12.0,1.0,7.0,Bench Press (Barbell),3.0,10.0,8.0,2024-11-18 11:11:00,2025-06-29 06:04:00
Optimized PHUL (Power Hypertrophy Upper Lower),"The goal of these revisions is to make the PHUL program more beginner-friendly by slightly altering exercise selection and rearranging the lower body days to better support recovery and sustainability. With proper attention to diet and recovery, athletes of all levels should see noticeable gains in strength and hypertrophy.

Deadlifts moved to the Lower Hypertrophy Day to optimize recovery.

Exercise order has been adjusted to accommodate this change, and calf volume has been slightly reduced.

Front squats have been replaced with Hack Squats for a better quad stimulus with less overall fatigue and a more manageable movement pattern.

Ab work has been added to each lower body day, which is optional but recommended for balanced core development.

For progression, aim to add either weight or reps each week. A simple method: once you hit the upper end of the rep range for a given exercise in all sets, increase the weight the next session. For Squat and Deadlift, add 10 lbs each time until you plateau, then reduce to 5 lbs increments. For Bench Press and OHP, aim to add 5 lbs each session. For accessory lifts, increase in the smallest possible increment.",['Advanced'],['Powerlifting'],Full Gym,12.0,90.0,12.0,1.0,7.0,Incline Chest Press (Machine),3.0,12.0,8.0,2024-11-18 11:11:00,2025-06-29 06:04:00
Optimized PHUL (Power Hypertrophy Upper Lower),"The goal of these revisions is to make the PHUL program more beginner-friendly by slightly altering exercise selection and rearranging the lower body days to better support recovery and sustainability. With proper attention to diet and recovery, athletes of all levels should see noticeable gains in strength and hypertrophy.

Deadlifts moved to the Lower Hypertrophy Day to optimize recovery.

Exercise order has been adjusted to accommodate this change, and calf volume has been slightly reduced.

Front squats have been replaced with Hack Squats for a better quad stimulus with less overall fatigue and a more manageable movement pattern.

Ab work has been added to each lower body day, which is optional but recommended for balanced core development.

For progression, aim to add either weight or reps each week. A simple method: once you hit the upper end of the rep range for a given exercise in all sets, increase the weight the next session. For Squat and Deadlift, add 10 lbs each time until you plateau, then reduce to 5 lbs increments. For Bench Press and OHP, aim to add 5 lbs each session. For accessory lifts, increase in the smallest possible increment.",['Advanced'],['Powerlifting'],Full Gym,12.0,90.0,12.0,1.0,7.0,Bent Over Row (Barbell),3.0,8.0,8.0,2024-11-18 11:11:00,2025-06-29 06:04:00
Optimized PHUL (Power Hypertrophy Upper Lower),"The goal of these revisions is to make the PHUL program more beginner-friendly by slightly altering exercise selection and rearranging the lower body days to better support recovery and sustainability. With proper attention to diet and recovery, athletes of all levels should see noticeable gains in strength and hypertrophy.

Deadlifts moved to the Lower Hypertrophy Day to optimize recovery.

Exercise order has been adjusted to accommodate this change, and calf volume has been slightly reduced.

Front squats have been replaced with Hack Squats for a better quad stimulus with less overall fatigue and a more manageable movement pattern.

Ab work has been added to each lower body day, which is optional but recommended for balanced core development.

For progression, aim to add either weight or reps each week. A simple method: once you hit the upper end of the rep range for a given exercise in all sets, increase the weight the next session. For Squat and Deadlift, add 10 lbs each time until you plateau, then reduce to 5 lbs increments. For Bench Press and OHP, aim to add 5 lbs each session. For accessory lifts, increase in the smallest possible increment.",['Advanced'],['Powerlifting'],Full Gym,12.0,90.0,12.0,1.0,7.0,Lat Pulldown,3.0,8.0,8.0,2024-11-18 11:11:00,2025-06-29 06:04:00
Optimized PHUL (Power Hypertrophy Upper Lower),"The goal of these revisions is to make the PHUL program more beginner-friendly by slightly altering exercise selection and rearranging the lower body days to better support recovery and sustainability. With proper attention to diet and recovery, athletes of all levels should see noticeable gains in strength and hypertrophy.

Deadlifts moved to the Lower Hypertrophy Day to optimize recovery.

Exercise order has been adjusted to accommodate this change, and calf volume has been slightly reduced.

Front squats have been replaced with Hack Squats for a better quad stimulus with less overall fatigue and a more manageable movement pattern.

Ab work has been added to each lower body day, which is optional but recommended for balanced core development.

For progression, aim to add either weight or reps each week. A simple method: once you hit the upper end of the rep range for a given exercise in all sets, increase the weight the next session. For Squat and Deadlift, add 10 lbs each time until you plateau, then reduce to 5 lbs increments. For Bench Press and OHP, aim to add 5 lbs each session. For accessory lifts, increase in the smallest possible increment.",['Advanced'],['Powerlifting'],Full Gym,12.0,90.0,12.0,1.0,7.0,Overhead Press (Barbell),3.0,15.0,8.0,2024-11-18 11:11:00,2025-06-29 06:04:00
Optimized PHUL (Power Hypertrophy Upper Lower),"The goal of these revisions is to make the PHUL program more beginner-friendly by slightly altering exercise selection and rearranging the lower body days to better support recovery and sustainability. With proper attention to diet and recovery, athletes of all levels should see noticeable gains in strength and hypertrophy.

Deadlifts moved to the Lower Hypertrophy Day to optimize recovery.

Exercise order has been adjusted to accommodate this change, and calf volume has been slightly reduced.

Front squats have been replaced with Hack Squats for a better quad stimulus with less overall fatigue and a more manageable movement pattern.

Ab work has been added to each lower body day, which is optional but recommended for balanced core development.

For progression, aim to add either weight or reps each week. A simple method: once you hit the upper end of the rep range for a given exercise in all sets, increase the weight the next session. For Squat and Deadlift, add 10 lbs each time until you plateau, then reduce to 5 lbs increments. For Bench Press and OHP, aim to add 5 lbs each session. For accessory lifts, increase in the smallest possible increment.",['Advanced'],['Powerlifting'],Full Gym,12.0,90.0,12.0,1.0,7.0,Bicep Curl (EZ Bar),3.0,15.0,8.0,2024-11-18 11:11:00,2025-06-29 06:04:00
Optimized PHUL (Power Hypertrophy Upper Lower),"The goal of these revisions is to make the PHUL program more beginner-friendly by slightly altering exercise selection and rearranging the lower body days to better support recovery and sustainability. With proper attention to diet and recovery, athletes of all levels should see noticeable gains in strength and hypertrophy.

Deadlifts moved to the Lower Hypertrophy Day to optimize recovery.

Exercise order has been adjusted to accommodate this change, and calf volume has been slightly reduced.

Front squats have been replaced with Hack Squats for a better quad stimulus with less overall fatigue and a more manageable movement pattern.

Ab work has been added to each lower body day, which is optional but recommended for balanced core development.

For progression, aim to add either weight or reps each week. A simple method: once you hit the upper end of the rep range for a given exercise in all sets, increase the weight the next session. For Squat and Deadlift, add 10 lbs each time until you plateau, then reduce to 5 lbs increments. For Bench Press and OHP, aim to add 5 lbs each session. For accessory lifts, increase in the smallest possible increment.",['Advanced'],['Powerlifting'],Full Gym,12.0,90.0,12.0,1.0,7.0,Skull Crusher (Barbell),3.0,8.0,8.0,2024-11-18 11:11:00,2025-06-29 06:04:00
Optimized PHUL (Power Hypertrophy Upper Lower),"The goal of these revisions is to make the PHUL program more beginner-friendly by slightly altering exercise selection and rearranging the lower body days to better support recovery and sustainability. With proper attention to diet and recovery, athletes of all levels should see noticeable gains in strength and hypertrophy.

Deadlifts moved to the Lower Hypertrophy Day to optimize recovery.

Exercise order has been adjusted to accommodate this change, and calf volume has been slightly reduced.

Front squats have been replaced with Hack Squats for a better quad stimulus with less overall fatigue and a more manageable movement pattern.

Ab work has been added to each lower body day, which is optional but recommended for balanced core development.

For progression, aim to add either weight or reps each week. A simple method: once you hit the upper end of the rep range for a given exercise in all sets, increase the weight the next session. For Squat and Deadlift, add 10 lbs each time until you plateau, then reduce to 5 lbs increments. For Bench Press and OHP, aim to add 5 lbs each session. For accessory lifts, increase in the smallest possible increment.",['Advanced'],['Powerlifting'],Full Gym,12.0,90.0,12.0,2.0,6.0,Squat (Barbell),3.0,8.0,8.0,2024-11-18 11:11:00,2025-06-29 06:04:00
Optimized PHUL (Power Hypertrophy Upper Lower),"The goal of these revisions is to make the PHUL program more beginner-friendly by slightly altering exercise selection and rearranging the lower body days to better support recovery and sustainability. With proper attention to diet and recovery, athletes of all levels should see noticeable gains in strength and hypertrophy.

Deadlifts moved to the Lower Hypertrophy Day to optimize recovery.

Exercise order has been adjusted to accommodate this change, and calf volume has been slightly reduced.

Front squats have been replaced with Hack Squats for a better quad stimulus with less overall fatigue and a more manageable movement pattern.

Ab work has been added to each lower body day, which is optional but recommended for balanced core development.

For progression, aim to add either weight or reps each week. A simple method: once you hit the upper end of the rep range for a given exercise in all sets, increase the weight the next session. For Squat and Deadlift, add 10 lbs each time until you plateau, then reduce to 5 lbs increments. For Bench Press and OHP, aim to add 5 lbs each session. For accessory lifts, increase in the smallest possible increment.",['Advanced'],['Powerlifting'],Full Gym,12.0,90.0,12.0,2.0,6.0,Leg Press,3.0,10.0,8.0,2024-11-18 11:11:00,2025-06-29 06:04:00
Optimized PHUL (Power Hypertrophy Upper Lower),"The goal of these revisions is to make the PHUL program more beginner-friendly by slightly altering exercise selection and rearranging the lower body days to better support recovery and sustainability. With proper attention to diet and recovery, athletes of all levels should see noticeable gains in strength and hypertrophy.

Deadlifts moved to the Lower Hypertrophy Day to optimize recovery.

Exercise order has been adjusted to accommodate this change, and calf volume has been slightly reduced.

Front squats have been replaced with Hack Squats for a better quad stimulus with less overall fatigue and a more manageable movement pattern.

Ab work has been added to each lower body day, which is optional but recommended for balanced core development.

For progression, aim to add either weight or reps each week. A simple method: once you hit the upper end of the rep range for a given exercise in all sets, increase the weight the next session. For Squat and Deadlift, add 10 lbs each time until you plateau, then reduce to 5 lbs increments. For Bench Press and OHP, aim to add 5 lbs each session. For accessory lifts, increase in the smallest possible increment.",['Advanced'],['Powerlifting'],Full Gym,12.0,90.0,12.0,2.0,6.0,Seated Hamstring Curl,3.0,12.0,8.0,2024-11-18 11:11:00,2025-06-29 06:04:00
Optimized PHUL (Power Hypertrophy Upper Lower),"The goal of these revisions is to make the PHUL program more beginner-friendly by slightly altering exercise selection and rearranging the lower body days to better support recovery and sustainability. With proper attention to diet and recovery, athletes of all levels should see noticeable gains in strength and hypertrophy.

Deadlifts moved to the Lower Hypertrophy Day to optimize recovery.

Exercise order has been adjusted to accommodate this change, and calf volume has been slightly reduced.

Front squats have been replaced with Hack Squats for a better quad stimulus with less overall fatigue and a more manageable movement pattern.

Ab work has been added to each lower body day, which is optional but recommended for balanced core development.

For progression, aim to add either weight or reps each week. A simple method: once you hit the upper end of the rep range for a given exercise in all sets, increase the weight the next session. For Squat and Deadlift, add 10 lbs each time until you plateau, then reduce to 5 lbs increments. For Bench Press and OHP, aim to add 5 lbs each session. For accessory lifts, increase in the smallest possible increment.",['Advanced'],['Powerlifting'],Full Gym,12.0,90.0,12.0,2.0,6.0,Leg Extension,3.0,-120.0,8.0,2024-11-18 11:11:00,2025-06-29 06:04:00
Optimized PHUL (Power Hypertrophy Upper Lower),"The goal of these revisions is to make the PHUL program more beginner-friendly by slightly altering exercise selection and rearranging the lower body days to better support recovery and sustainability. With proper attention to diet and recovery, athletes of all levels should see noticeable gains in strength and hypertrophy.

Deadlifts moved to the Lower Hypertrophy Day to optimize recovery.

Exercise order has been adjusted to accommodate this change, and calf volume has been slightly reduced.

Front squats have been replaced with Hack Squats for a better quad stimulus with less overall fatigue and a more manageable movement pattern.

Ab work has been added to each lower body day, which is optional but recommended for balanced core development.

For progression, aim to add either weight or reps each week. A simple method: once you hit the upper end of the rep range for a given exercise in all sets, increase the weight the next session. For Squat and Deadlift, add 10 lbs each time until you plateau, then reduce to 5 lbs increments. For Bench Press and OHP, aim to add 5 lbs each session. For accessory lifts, increase in the smallest possible increment.",['Advanced'],['Powerlifting'],Full Gym,12.0,90.0,12.0,2.0,6.0,Seated Calf Raise,4.0,5.0,8.0,2024-11-18 11:11:00,2025-06-29 06:04:00
Optimized PHUL (Power Hypertrophy Upper Lower),"The goal of these revisions is to make the PHUL program more beginner-friendly by slightly altering exercise selection and rearranging the lower body days to better support recovery and sustainability. With proper attention to diet and recovery, athletes of all levels should see noticeable gains in strength and hypertrophy.

Deadlifts moved to the Lower Hypertrophy Day to optimize recovery.

Exercise order has been adjusted to accommodate this change, and calf volume has been slightly reduced.

Front squats have been replaced with Hack Squats for a better quad stimulus with less overall fatigue and a more manageable movement pattern.

Ab work has been added to each lower body day, which is optional but recommended for balanced core development.

For progression, aim to add either weight or reps each week. A simple method: once you hit the upper end of the rep range for a given exercise in all sets, increase the weight the next session. For Squat and Deadlift, add 10 lbs each time until you plateau, then reduce to 5 lbs increments. For Bench Press and OHP, aim to add 5 lbs each session. For accessory lifts, increase in the smallest possible increment.",['Advanced'],['Powerlifting'],Full Gym,12.0,90.0,12.0,2.0,6.0,Abs Crunch (Machine),4.0,6.0,8.0,2024-11-18 11:11:00,2025-06-29 06:04:00
Optimized PHUL (Power Hypertrophy Upper Lower),"The goal of these revisions is to make the PHUL program more beginner-friendly by slightly altering exercise selection and rearranging the lower body days to better support recovery and sustainability. With proper attention to diet and recovery, athletes of all levels should see noticeable gains in strength and hypertrophy.

Deadlifts moved to the Lower Hypertrophy Day to optimize recovery.

Exercise order has been adjusted to accommodate this change, and calf volume has been slightly reduced.

Front squats have been replaced with Hack Squats for a better quad stimulus with less overall fatigue and a more manageable movement pattern.

Ab work has been added to each lower body day, which is optional but recommended for balanced core development.

For progression, aim to add either weight or reps each week. A simple method: once you hit the upper end of the rep range for a given exercise in all sets, increase the weight the next session. For Squat and Deadlift, add 10 lbs each time until you plateau, then reduce to 5 lbs increments. For Bench Press and OHP, aim to add 5 lbs each session. For accessory lifts, increase in the smallest possible increment.",['Advanced'],['Powerlifting'],Full Gym,12.0,90.0,12.0,3.0,7.0,Incline Bench Press (Barbell),3.0,8.0,8.0,2024-11-18 11:11:00,2025-06-29 06:04:00
Optimized PHUL (Power Hypertrophy Upper Lower),"The goal of these revisions is to make the PHUL program more beginner-friendly by slightly altering exercise selection and rearranging the lower body days to better support recovery and sustainability. With proper attention to diet and recovery, athletes of all levels should see noticeable gains in strength and hypertrophy.

Deadlifts moved to the Lower Hypertrophy Day to optimize recovery.

Exercise order has been adjusted to accommodate this change, and calf volume has been slightly reduced.

Front squats have been replaced with Hack Squats for a better quad stimulus with less overall fatigue and a more manageable movement pattern.

Ab work has been added to each lower body day, which is optional but recommended for balanced core development.

For progression, aim to add either weight or reps each week. A simple method: once you hit the upper end of the rep range for a given exercise in all sets, increase the weight the next session. For Squat and Deadlift, add 10 lbs each time until you plateau, then reduce to 5 lbs increments. For Bench Press and OHP, aim to add 5 lbs each session. For accessory lifts, increase in the smallest possible increment.",['Advanced'],['Powerlifting'],Full Gym,12.0,90.0,12.0,3.0,7.0,Chest Fly (Machine),3.0,10.0,8.0,2024-11-18 11:11:00,2025-06-29 06:04:00
Optimized PHUL (Power Hypertrophy Upper Lower),"The goal of these revisions is to make the PHUL program more beginner-friendly by slightly altering exercise selection and rearranging the lower body days to better support recovery and sustainability. With proper attention to diet and recovery, athletes of all levels should see noticeable gains in strength and hypertrophy.

Deadlifts moved to the Lower Hypertrophy Day to optimize recovery.

Exercise order has been adjusted to accommodate this change, and calf volume has been slightly reduced.

Front squats have been replaced with Hack Squats for a better quad stimulus with less overall fatigue and a more manageable movement pattern.

Ab work has been added to each lower body day, which is optional but recommended for balanced core development.

For progression, aim to add either weight or reps each week. A simple method: once you hit the upper end of the rep range for a given exercise in all sets, increase the weight the next session. For Squat and Deadlift, add 10 lbs each time until you plateau, then reduce to 5 lbs increments. For Bench Press and OHP, aim to add 5 lbs each session. For accessory lifts, increase in the smallest possible increment.",['Advanced'],['Powerlifting'],Full Gym,12.0,90.0,12.0,3.0,7.0,Seated Row (Cable),3.0,5.0,8.0,2024-11-18 11:11:00,2025-06-29 06:04:00
Optimized PHUL (Power Hypertrophy Upper Lower),"The goal of these revisions is to make the PHUL program more beginner-friendly by slightly altering exercise selection and rearranging the lower body days to better support recovery and sustainability. With proper attention to diet and recovery, athletes of all levels should see noticeable gains in strength and hypertrophy.

Deadlifts moved to the Lower Hypertrophy Day to optimize recovery.

Exercise order has been adjusted to accommodate this change, and calf volume has been slightly reduced.

Front squats have been replaced with Hack Squats for a better quad stimulus with less overall fatigue and a more manageable movement pattern.

Ab work has been added to each lower body day, which is optional but recommended for balanced core development.

For progression, aim to add either weight or reps each week. A simple method: once you hit the upper end of the rep range for a given exercise in all sets, increase the weight the next session. For Squat and Deadlift, add 10 lbs each time until you plateau, then reduce to 5 lbs increments. For Bench Press and OHP, aim to add 5 lbs each session. For accessory lifts, increase in the smallest possible increment.",['Advanced'],['Powerlifting'],Full Gym,12.0,90.0,12.0,3.0,7.0,Single Arm Row (Dumbbell),3.0,6.0,8.0,2024-11-18 11:11:00,2025-06-29 06:04:00
Optimized PHUL (Power Hypertrophy Upper Lower),"The goal of these revisions is to make the PHUL program more beginner-friendly by slightly altering exercise selection and rearranging the lower body days to better support recovery and sustainability. With proper attention to diet and recovery, athletes of all levels should see noticeable gains in strength and hypertrophy.

Deadlifts moved to the Lower Hypertrophy Day to optimize recovery.

Exercise order has been adjusted to accommodate this change, and calf volume has been slightly reduced.

Front squats have been replaced with Hack Squats for a better quad stimulus with less overall fatigue and a more manageable movement pattern.

Ab work has been added to each lower body day, which is optional but recommended for balanced core development.

For progression, aim to add either weight or reps each week. A simple method: once you hit the upper end of the rep range for a given exercise in all sets, increase the weight the next session. For Squat and Deadlift, add 10 lbs each time until you plateau, then reduce to 5 lbs increments. For Bench Press and OHP, aim to add 5 lbs each session. For accessory lifts, increase in the smallest possible increment.",['Advanced'],['Powerlifting'],Full Gym,12.0,90.0,12.0,3.0,7.0,Lateral Raise (Dumbbell),3.0,15.0,8.0,2024-11-18 11:11:00,2025-06-29 06:04:00
Optimized PHUL (Power Hypertrophy Upper Lower),"The goal of these revisions is to make the PHUL program more beginner-friendly by slightly altering exercise selection and rearranging the lower body days to better support recovery and sustainability. With proper attention to diet and recovery, athletes of all levels should see noticeable gains in strength and hypertrophy.

Deadlifts moved to the Lower Hypertrophy Day to optimize recovery.

Exercise order has been adjusted to accommodate this change, and calf volume has been slightly reduced.

Front squats have been replaced with Hack Squats for a better quad stimulus with less overall fatigue and a more manageable movement pattern.

Ab work has been added to each lower body day, which is optional but recommended for balanced core development.

For progression, aim to add either weight or reps each week. A simple method: once you hit the upper end of the rep range for a given exercise in all sets, increase the weight the next session. For Squat and Deadlift, add 10 lbs each time until you plateau, then reduce to 5 lbs increments. For Bench Press and OHP, aim to add 5 lbs each session. For accessory lifts, increase in the smallest possible increment.",['Advanced'],['Powerlifting'],Full Gym,12.0,90.0,12.0,3.0,7.0,Incline Curl (Dumbbell),3.0,8.0,8.0,2024-11-18 11:11:00,2025-06-29 06:04:00
Optimized PHUL (Power Hypertrophy Upper Lower),"The goal of these revisions is to make the PHUL program more beginner-friendly by slightly altering exercise selection and rearranging the lower body days to better support recovery and sustainability. With proper attention to diet and recovery, athletes of all levels should see noticeable gains in strength and hypertrophy.

Deadlifts moved to the Lower Hypertrophy Day to optimize recovery.

Exercise order has been adjusted to accommodate this change, and calf volume has been slightly reduced.

Front squats have been replaced with Hack Squats for a better quad stimulus with less overall fatigue and a more manageable movement pattern.

Ab work has been added to each lower body day, which is optional but recommended for balanced core development.

For progression, aim to add either weight or reps each week. A simple method: once you hit the upper end of the rep range for a given exercise in all sets, increase the weight the next session. For Squat and Deadlift, add 10 lbs each time until you plateau, then reduce to 5 lbs increments. For Bench Press and OHP, aim to add 5 lbs each session. For accessory lifts, increase in the smallest possible increment.",['Advanced'],['Powerlifting'],Full Gym,12.0,90.0,12.0,3.0,7.0,Tricep Extension (Cable),3.0,5.0,8.0,2024-11-18 11:11:00,2025-06-29 06:04:00
Optimized PHUL (Power Hypertrophy Upper Lower),"The goal of these revisions is to make the PHUL program more beginner-friendly by slightly altering exercise selection and rearranging the lower body days to better support recovery and sustainability. With proper attention to diet and recovery, athletes of all levels should see noticeable gains in strength and hypertrophy.

Deadlifts moved to the Lower Hypertrophy Day to optimize recovery.

Exercise order has been adjusted to accommodate this change, and calf volume has been slightly reduced.

Front squats have been replaced with Hack Squats for a better quad stimulus with less overall fatigue and a more manageable movement pattern.

Ab work has been added to each lower body day, which is optional but recommended for balanced core development.

For progression, aim to add either weight or reps each week. A simple method: once you hit the upper end of the rep range for a given exercise in all sets, increase the weight the next session. For Squat and Deadlift, add 10 lbs each time until you plateau, then reduce to 5 lbs increments. For Bench Press and OHP, aim to add 5 lbs each session. For accessory lifts, increase in the smallest possible increment.",['Advanced'],['Powerlifting'],Full Gym,12.0,90.0,12.0,4.0,6.0,Deadlift (Barbell),3.0,8.0,8.0,2024-11-18 11:11:00,2025-06-29 06:04:00
Optimized PHUL (Power Hypertrophy Upper Lower),"The goal of these revisions is to make the PHUL program more beginner-friendly by slightly altering exercise selection and rearranging the lower body days to better support recovery and sustainability. With proper attention to diet and recovery, athletes of all levels should see noticeable gains in strength and hypertrophy.

Deadlifts moved to the Lower Hypertrophy Day to optimize recovery.

Exercise order has been adjusted to accommodate this change, and calf volume has been slightly reduced.

Front squats have been replaced with Hack Squats for a better quad stimulus with less overall fatigue and a more manageable movement pattern.

Ab work has been added to each lower body day, which is optional but recommended for balanced core development.

For progression, aim to add either weight or reps each week. A simple method: once you hit the upper end of the rep range for a given exercise in all sets, increase the weight the next session. For Squat and Deadlift, add 10 lbs each time until you plateau, then reduce to 5 lbs increments. For Bench Press and OHP, aim to add 5 lbs each session. For accessory lifts, increase in the smallest possible increment.",['Advanced'],['Powerlifting'],Full Gym,12.0,90.0,12.0,4.0,6.0,Hack Squat,3.0,10.0,8.0,2024-11-18 11:11:00,2025-06-29 06:04:00
Optimized PHUL (Power Hypertrophy Upper Lower),"The goal of these revisions is to make the PHUL program more beginner-friendly by slightly altering exercise selection and rearranging the lower body days to better support recovery and sustainability. With proper attention to diet and recovery, athletes of all levels should see noticeable gains in strength and hypertrophy.

Deadlifts moved to the Lower Hypertrophy Day to optimize recovery.

Exercise order has been adjusted to accommodate this change, and calf volume has been slightly reduced.

Front squats have been replaced with Hack Squats for a better quad stimulus with less overall fatigue and a more manageable movement pattern.

Ab work has been added to each lower body day, which is optional but recommended for balanced core development.

For progression, aim to add either weight or reps each week. A simple method: once you hit the upper end of the rep range for a given exercise in all sets, increase the weight the next session. For Squat and Deadlift, add 10 lbs each time until you plateau, then reduce to 5 lbs increments. For Bench Press and OHP, aim to add 5 lbs each session. For accessory lifts, increase in the smallest possible increment.",['Advanced'],['Powerlifting'],Full Gym,12.0,90.0,12.0,4.0,6.0,Reverse Lunge (Barbell),3.0,12.0,8.0,2024-11-18 11:11:00,2025-06-29 06:04:00
Optimized PHUL (Power Hypertrophy Upper Lower),"The goal of these revisions is to make the PHUL program more beginner-friendly by slightly altering exercise selection and rearranging the lower body days to better support recovery and sustainability. With proper attention to diet and recovery, athletes of all levels should see noticeable gains in strength and hypertrophy.

Deadlifts moved to the Lower Hypertrophy Day to optimize recovery.

Exercise order has been adjusted to accommodate this change, and calf volume has been slightly reduced.

Front squats have been replaced with Hack Squats for a better quad stimulus with less overall fatigue and a more manageable movement pattern.

Ab work has been added to each lower body day, which is optional but recommended for balanced core development.

For progression, aim to add either weight or reps each week. A simple method: once you hit the upper end of the rep range for a given exercise in all sets, increase the weight the next session. For Squat and Deadlift, add 10 lbs each time until you plateau, then reduce to 5 lbs increments. For Bench Press and OHP, aim to add 5 lbs each session. For accessory lifts, increase in the smallest possible increment.",['Advanced'],['Powerlifting'],Full Gym,12.0,90.0,12.0,4.0,6.0,Seated Hamstring Curl,3.0,-120.0,8.0,2024-11-18 11:11:00,2025-06-29 06:04:00
Optimized PHUL (Power Hypertrophy Upper Lower),"The goal of these revisions is to make the PHUL program more beginner-friendly by slightly altering exercise selection and rearranging the lower body days to better support recovery and sustainability. With proper attention to diet and recovery, athletes of all levels should see noticeable gains in strength and hypertrophy.

Deadlifts moved to the Lower Hypertrophy Day to optimize recovery.

Exercise order has been adjusted to accommodate this change, and calf volume has been slightly reduced.

Front squats have been replaced with Hack Squats for a better quad stimulus with less overall fatigue and a more manageable movement pattern.

Ab work has been added to each lower body day, which is optional but recommended for balanced core development.

For progression, aim to add either weight or reps each week. A simple method: once you hit the upper end of the rep range for a given exercise in all sets, increase the weight the next session. For Squat and Deadlift, add 10 lbs each time until you plateau, then reduce to 5 lbs increments. For Bench Press and OHP, aim to add 5 lbs each session. For accessory lifts, increase in the smallest possible increment.",['Advanced'],['Powerlifting'],Full Gym,12.0,90.0,12.0,4.0,6.0,Standing Calf Raise,4.0,5.0,8.0,2024-11-18 11:11:00,2025-06-29 06:04:00
Optimized PHUL (Power Hypertrophy Upper Lower),"The goal of these revisions is to make the PHUL program more beginner-friendly by slightly altering exercise selection and rearranging the lower body days to better support recovery and sustainability. With proper attention to diet and recovery, athletes of all levels should see noticeable gains in strength and hypertrophy.

Deadlifts moved to the Lower Hypertrophy Day to optimize recovery.

Exercise order has been adjusted to accommodate this change, and calf volume has been slightly reduced.

Front squats have been replaced with Hack Squats for a better quad stimulus with less overall fatigue and a more manageable movement pattern.

Ab work has been added to each lower body day, which is optional but recommended for balanced core development.

For progression, aim to add either weight or reps each week. A simple method: once you hit the upper end of the rep range for a given exercise in all sets, increase the weight the next session. For Squat and Deadlift, add 10 lbs each time until you plateau, then reduce to 5 lbs increments. For Bench Press and OHP, aim to add 5 lbs each session. For accessory lifts, increase in the smallest possible increment.",['Advanced'],['Powerlifting'],Full Gym,12.0,90.0,12.0,4.0,6.0,Abs Crunch (Machine),4.0,6.0,8.0,2024-11-18 11:11:00,2025-06-29 06:04:00
